comment_id,parent_id,commenter_name,comment_text,like_count,timestamp,time_text
UgxCbhA_qJa_XeXvLot4AaABAg,root,@mohanlpuri1,This video about Lang chain is one of the best. Excellent. Most important concepts of Lang chain explained in 40 minutes. Very easy to understand and follow along.,0,1772064000,3 months ago
Ugy-XDh2TBPYQU5Epll4AaABAg,root,@gowinidea,Thanks much for creating this video Greg!,0,1761436800,7 months ago
Ugy2y-LlnNqMiUvlIGt4AaABAg,root,@mrofiq7026,Very cool..thank you so much.,0,1758844800,8 months ago
UgwNjWZcCSrrE920h3R4AaABAg,root,@nicolecolgan1282,great simply explained yet detailed video!,0,1756166400,9 months ago
Ugz7QIpm-bfo4-xzzzB4AaABAg,root,@chaz-e,+1 for doing the tutorial in single take. This shows the clarity of thought Greg has and the amount of prep he does before recording. Kudos to you for being one of those single-take content creators!,2,1753488000,10 months ago
UgzmkZUJncj3Xk7tDaF4AaABAg,root,@TomTom-lr6ev,this is good but the sound is too small,0,1750896000,11 months ago
Ugz0a0KTyUb-8APKrJR4AaABAg,root,@mehmetaliozer2403,"That should be official, thanks a lot",0,1748217600,1 year ago
UgyZfJ-eQGu1_pO6Yqt4AaABAg,root,@galanramadan6214,"Thanks, you're such a great teacher with great explanation",0,1748217600,1 year ago
UgwddwXSs77tTsgUbTd4AaABAg,root,@sharonj731,"I went to the Memory section in the Cookbook and where it says, ""There are many types of memory, explore the documentation to see which one fits your use case.""  ""the documentation"" link is broken.  LangChain points to LangGraph as the new memory product saying that Chat History is no longer supported.  I really want to learn about various memory types. It seems things deprecate really fast with LangChain.  Do you have anything more current re: memory variations?  The video only covers Chat History. Can I mix and match resources between LangChain and LangGraph?",0,1748217600,1 year ago (edited)
UgysP-q6IR4aJKqw5Hp4AaABAg,root,@VatsaVIPL,Super,0,1748217600,1 year ago
Ugw7Sw8xIsKYOWwJtqZ4AaABAg,root,@RichardGonzalez-v6y,Walker Michael Thompson Jose Harris Larry,0,1748217600,1 year ago
UgyoIb_acpId-lc4hg54AaABAg,root,@sid20-24,Thanks for amazing video,0,1748217600,1 year ago
Ugz_KO7ucE-8aJwQ55F4AaABAg,root,@B3P02,I can't appreciate this video or this playlist more. This work is a masterpiece. Thank you!!,1,1748217600,1 year ago
Ugy9UWoEuzghd8HLFot4AaABAg,root,@umeshkumarasamy6608,You Good sir are not a Guy who talks the talk. I learnt more about Langchain from you in this half hour than anybody else I have listened to on the last 3months. The veritable quarter to be exact. You are a Guy who walks the walk 🫡,0,1748217600,1 year ago
UgxL77IZt9a6ym9fk6Z4AaABAg,root,@theunconventionalenglishman,"Excellent, clear video, inspired me to check out more of your content - cheers!

On an aside, anyone ever mentioned that you kinda look like Dennis from Always Sunny? 😅",0,1748217600,1 year ago
UgwdK1TUs_nsCtl_eHF4AaABAg,root,@acosoto,Just Awesome .. Thanks a lot for making and sharing this video ..,0,1716681600,2 years ago
UgyRl4Ry6enOY3-Ieux4AaABAg,root,@vahidbabaey5970,"It's awesome, very interesting. but you teach and speak too much fast. I think it's better to explain codes and steps more.",2,1716681600,2 years ago
UgxbUElxC8Q3gD1HafB4AaABAg,root,@davidvc4560,Very clear. Thank you!,0,1716681600,2 years ago
UgysXW9_N8p5lyrnFT94AaABAg,root,@dankprole7884,"These videos are great, thank you!",0,1716681600,2 years ago
UgzEHiQeE4tATyUFGuN4AaABAg,root,@kwabenaababioadwabour2491,Where has this channel been all this while? This is gold. Thanks for the great video!,1,1716681600,2 years ago
Ugxrdrod1maSVyXb-Vx4AaABAg,root,@brijeshjaggi4579,"thanks greg, this was very very easy to understand and insightful",0,1716681600,2 years ago
Ugy3op3Tn8m_vEhj4Ot4AaABAg,root,@DonatoMusicOfficial,"Thanks again, Greg!  This video on LangChain concepts was really helpful after watching your LangChain intro.  Learning about schemas, models, prompts, etc. is giving me a much better understanding of how LangChain works.  Onward to the next video in your playlist!",0,1716681600,2 years ago
UgzFssvuY4vAV05gvsN4AaABAg,root,@OPXDataAnalytics,I am struggling to understand the use of chain. it seems like what its doing is giving parts of string separately then concatenating the string. why the need for chain when its just concatenation of string?,0,1716681600,2 years ago
UgzW7PWUxpcAASrNuEl4AaABAg,root,@leestapleton141,Good stuff. Even as a developer the concepts of AI are some completely new so thanks for breaking the concepts down into simple language,0,1716681600,2 years ago
UgxBGaOZW4mTqN1BpNR4AaABAg,root,@chandankumarmishra336,amazing playlist...watching it completely for sure,0,1716681600,2 years ago
UgxkzJhjV_JmbAOmwK94AaABAg,root,@josephpareti9156,great presentation,0,1716681600,2 years ago
Ugw_wU2mX6EvwSevI7Z4AaABAg,root,@andriasiradze4935,Thank You very help full,0,1716681600,2 years ago
Ugz4FTvpwtcGE9sPYdF4AaABAg,root,@marclaygeorges2786,"Thanks a lot for making this! I love that you just went through the notebook, giving us clear and concise overviews of each step.",4,1716681600,2 years ago
Ugz4FTvpwtcGE9sPYdF4AaABAg.A1KkpuHe2J_A1NQB_YOMjG,Ugz4FTvpwtcGE9sPYdF4AaABAg,@DataIndependent,"Wow this is so cool! Love the tip, I hardly get them.

Thank you!",0,1716681600,2 years ago
UgyLSEPCvYLp6a8ph8B4AaABAg,root,@kishr4u1,Great presentation,0,1716681600,2 years ago
UgwutvX8nIT138hnOnt4AaABAg,root,@DevBanerjee-h2n,"Thank you for this video! You did an amazing job, learning from which we will also do amazing jobs!",0,1716681600,2 years ago
Ugxt_n9WF-u3eDray9F4AaABAg,root,@qiqqaqwerty1713,"Excellent video content, thank you very much!",1,1716681600,2 years ago
Ugxt_n9WF-u3eDray9F4AaABAg.A0wzJGGSvG4A1FJg2bXRWh,Ugxt_n9WF-u3eDray9F4AaABAg,@DataIndependent,Thanks Qwerty,1,1716681600,2 years ago
Ugxt_n9WF-u3eDray9F4AaABAg.A0wzJGGSvG4A1GQCxL1Kpm,Ugxt_n9WF-u3eDray9F4AaABAg.A0wzJGGSvG4A1FJg2bXRWh,@qiqqaqwerty1713," @DataIndependent  No worries, cheers!",1,1716681600,2 years ago (edited)
Ugy3yaoFyruihEq-Q_J4AaABAg,root,@wg5920,Amazing video and 99% of it is still holding up despite OpenAI and LangChain APis evolution,0,1716681600,2 years ago
Ugy3yaoFyruihEq-Q_J4AaABAg.A0k5BbYiNzSA0tANLBpp19,Ugy3yaoFyruihEq-Q_J4AaABAg,@DataIndependent,nice! Yes that is good - it's due for an update,0,1716681600,2 years ago
UgxI_uxAXx7aPYp6hc54AaABAg,root,@sachincodez,great videos bro,0,1716681600,2 years ago
UgxI_uxAXx7aPYp6hc54AaABAg.A0dp4OWvjYdA0eMxosK-KA,UgxI_uxAXx7aPYp6hc54AaABAg,@DataIndependent,Thanks man!,1,1716681600,2 years ago
UgzjJZcDL3dLQUfRhsF4AaABAg,root,@divyajeetpala6205,Thank you for this really helpful tutorial! It has helped me discover many things to which I was previously unaware of. No more doing things in an amateur way haha!😄,1,1716681600,2 years ago
UgzjJZcDL3dLQUfRhsF4AaABAg.A0YjzLnBqJUA0eMtHSfSvx,UgzjJZcDL3dLQUfRhsF4AaABAg,@DataIndependent,Nice! This notebook needs updating forsure,1,1716681600,2 years ago
Ugzc-jn6fdWtNKC5QVB4AaABAg,root,@prabhsingh1882,I am amazed at how well you explained these concepts 🤯Keen to read your newsletters!,1,1716681600,2 years ago
Ugzc-jn6fdWtNKC5QVB4AaABAg.A0BCcYumgpAA0KAublA563,Ugzc-jn6fdWtNKC5QVB4AaABAg,@DataIndependent,Love it! Thank you!,0,1716681600,2 years ago
UgybVj5gZtb8Pl440tN4AaABAg,root,@saadati,"What an amazing video to walk you through the concepts, as well as practical examples. I recommended my friend to watch it too.  😊",0,1716681600,2 years ago
UgybVj5gZtb8Pl440tN4AaABAg.A-gdw4sR8LcA-nugdgrlsV,UgybVj5gZtb8Pl440tN4AaABAg,@DataIndependent,Thank you! I’m going to be doing an update soon. Too much code is out of date.,1,1716681600,2 years ago
UgwUjnVn5PQLx3sL0CV4AaABAg,root,@meldeweese,Yes! Only tutorial that makes any sense. Great job thank you!!,0,1716681600,2 years ago
UgwUjnVn5PQLx3sL0CV4AaABAg.A-N2pAmCCtfA-PE8Y4iVS_,UgwUjnVn5PQLx3sL0CV4AaABAg,@DataIndependent,Awesome! Thanks Mel!,0,1716681600,2 years ago
UgxgXav7e5ycY1LiNBF4AaABAg,root,@infinite_sorrow,"Dude this is the shit. It's ez to find 15 second install vids, or 60 minute long vids that impart more useless info. We need more from the ground up explaining the elements neccessary and what they do. Youre descriptions make it easy to grasp those elements",0,1716681600,2 years ago
UgxgXav7e5ycY1LiNBF4AaABAg.A-KcnlvyP0AA-PEAlnzJ5w,UgxgXav7e5ycY1LiNBF4AaABAg,@DataIndependent,Awesome love it thank you!,0,1716681600,2 years ago
UgwAFl7ek2DFLtHGlSh4AaABAg,root,@timschannel247,"Useful contributions. Thanks your helping the community, Bro!",0,1716681600,2 years ago
UgwAFl7ek2DFLtHGlSh4AaABAg.A-IyN_24s-tA1FJnK-V_qt,UgwAFl7ek2DFLtHGlSh4AaABAg,@DataIndependent,Nice! Thanks Tim,0,1716681600,2 years ago
Ugwmyj0XOHkN0pzZAp54AaABAg,root,@wumbo2421,You are a great teacher!,0,1716681600,2 years ago
Ugz_oYSlCNSPJGaqmJx4AaABAg,root,@alainherreman3685,"Thank you, I learned so much reading your Cookbook.",0,1716681600,2 years ago
Ugz_oYSlCNSPJGaqmJx4AaABAg.A-I0ObyoJpkA-Inc7agJai,Ugz_oYSlCNSPJGaqmJx4AaABAg,@DataIndependent,"Oh heck ya! This is my 2nd tip ever. Love it.

Reach out if you have any questions",0,1716681600,2 years ago
UgyBAVHa6Mwbf0LVn1J4AaABAg,root,@caesarthree,"Thank you for this amazingly helpful overview! Lucky to have this as my intro to GPT world. 
I have a question regarding splitters and embeddings. I'm working on an application that stores chat history of coaches with their clients and allows quickly find the references from the previous conversations with the user. Let's say he mentioned his dog, so instead of scrolling the chart and trying to find his dog's name and type, I can simply ask GPT and get the name. Would you rather save each message as a different doc/embedding or the whole conversation as one doc?",0,1716681600,2 years ago
UgwiE9BqVjv6Q5uWAAJ4AaABAg,root,@lucasfontini5881,thanks for the content brow it helps a lot,0,1716681600,2 years ago
UgwiE9BqVjv6Q5uWAAJ4AaABAg.9zoPUeGH4eN9zqiyjjEsHX,UgwiE9BqVjv6Q5uWAAJ4AaABAg,@DataIndependent,Thanks brow,0,1716681600,2 years ago
Ugy0PE1Ljb0WME1Ad7Z4AaABAg,root,@asdasdasd505,"love your videos and explanations, but the notebook has commands that are are deprecated and dont work any more. Not your fault of course :) but  for a beginner like me, that means ""end of learning"" right away, i cant even begin to practice before i get stuck on cryptic error messages from VScode, Unfortunately the explanations about the error assumes a knowledge that a beginner doesn't have yet. I'm pretty sure a lot of people encounter these problems and simply give up.",0,1716681600,2 years ago
Ugy0PE1Ljb0WME1Ad7Z4AaABAg.9zcerhvvIjy9zdcAcjkbnL,Ugy0PE1Ljb0WME1Ad7Z4AaABAg,@DataIndependent,"Hm, ok thank you. This was a good push for me to get it updated. Thank you for the comment on it.",1,1716681600,2 years ago
Ugy0PE1Ljb0WME1Ad7Z4AaABAg.9zcerhvvIjy9zdgm2Dab7T,Ugy0PE1Ljb0WME1Ad7Z4AaABAg.9zcerhvvIjy9zdcAcjkbnL,@asdasdasd505," @DataIndependent  langchain is wide and evolve so fast that it's very difficult to keep up. Apart from official docs (not easy for a beginner), most resources are outdated on internet, very few examples run out of the box with no issues. That is why, maintaining code examples that can run makes a huge difference in quality, making of your channel a point of reference. My sincere compliment  for your work and videos.",0,1716681600,2 years ago (edited)
UgxhqO66oEphs3OPYtp4AaABAg,root,@ydas9125,One of the best and concise summary on the core concepts of LangChain. I highly recommend it. Thank you.,0,1716681600,2 years ago
UgynpaakpGVC9R4v9s54AaABAg,root,@krbabu,"What is abundantly evident is that you, @DataIndependent, are an excellent teacher🙏.",1,1716681600,2 years ago
UgynpaakpGVC9R4v9s54AaABAg.9ywMAKkyF7k9z2f19k2SL_,UgynpaakpGVC9R4v9s54AaABAg,@DataIndependent,nice! thank you Krbabu that's nice,0,1716681600,2 years ago
UgyFocxZpeQrS-10N2Z4AaABAg,root,@chintan357,highly appreciate your work 💖,0,1716681600,2 years ago
UgyFocxZpeQrS-10N2Z4AaABAg.9ysNSawoq1Y9ysXERBLTMu,UgyFocxZpeQrS-10N2Z4AaABAg,@DataIndependent,Awesome thank you,0,1716681600,2 years ago
UgwtRYcTYk5vpUP9ZlZ4AaABAg,root,@DK-dp3kk,Don't chains just lead to more API calls to OpenAI - meaning more revenue since they charge per call and response? I can see this going very badly for the consumers at some point (unless I am missing something). Great videos by the way!! Thank you.,0,1716681600,2 years ago
Ugyar2Invkc4uIJ8Z7J4AaABAg,root,@jeffdavidson5601,What is that noise in the background?  Makes the video unwatchable,0,1716681600,2 years ago (edited)
UgyPz_8MfJQI8zP8PCl4AaABAg,root,@Dani-cg5yc,"Is this video still up to date? What about the rest of the videos from the series? Anyway, great video. Thanks for helping all of us :)",0,1716681600,2 years ago
UgyA_RxNl2sQlHBTBFh4AaABAg,root,@krulig,amazing viedo thank you,1,1716681600,2 years ago
UgzltY_JH2Uchf_D-RZ4AaABAg,root,@ermalai,"what python version is supported by lanchain? or what are the requirements of langchain. I have python 3.12.0 and tried installing langchain, itworked. but when i try to run the tutorial code, it asked for chromadb and when I tried to install chromadb, it threw dependency conflicts. how come langchain did not raise chromadb as a requirement in the first place? and why it is throwing errors, only when I try to run the example code?",0,1716681600,2 years ago
UgzFqSWF7HZ0y8-GJrx4AaABAg,root,@rodrigojuarezdev,Thanks for the amazing content! Do you know what happened to the conceptual docs? The link you provided now shows a 404.,0,1716681600,2 years ago
UgyzZn15AcYyGaovFvl4AaABAg,root,@MarkusEicher70,"Very nice intro, thank you Greg. A good starting point to dig in deeper. Now looking forward to the second part with some use cases and then stop watching videos and get the hands on it. But rest assured, I will sure come back for more videos later. Love your work, please keep it going. Greetings and be well, sir.",1,1716681600,2 years ago
UgyzZn15AcYyGaovFvl4AaABAg.9xD43QKMPCt9xDvIJvGbco,UgyzZn15AcYyGaovFvl4AaABAg,@DataIndependent,I love the support! Thank you Markus,0,1716681600,2 years ago
UgxdfUckeHejqoArnDJ4AaABAg,root,@mushinart,"Amazing job explaining the core concepts, this video + the cook book are THE fast references to understand more and memorize less and practice and develop even more. Thanks a million sir",0,1716681600,2 years ago
UgyqG-T5iCU3DuXkrXB4AaABAg,root,@gabrielvalentim197,"In just a few minutes, I became a really big fan! Thank you for your videos!",0,1716681600,2 years ago
UgyqG-T5iCU3DuXkrXB4AaABAg.9wOigfaTZNO9wQKjPYBD8d,UgyqG-T5iCU3DuXkrXB4AaABAg,@DataIndependent,Nice! Thank you Gabriel,1,1716681600,2 years ago
UgzeSDYKeTIniqYi4Vd4AaABAg,root,@jamesmcgreevy-j5s,Is there a javascript version of this cookbook?,0,1716681600,2 years ago
UgwWxtPoa9Y-l2szlfR4AaABAg,root,@TadjouLionelIT,"Thanks a lot Greg Kamradt for this video, It made me understand very clearly LangChain's coponents.",0,1716681600,2 years ago
Ugxh61pAwxhKZG8sTrl4AaABAg,root,@VersatileAnthem,awesome video. the concepts are explained clearly!,0,1716681600,2 years ago
Ugxh61pAwxhKZG8sTrl4AaABAg.9w-OSZBJn_G9w5O3rBxId1,Ugxh61pAwxhKZG8sTrl4AaABAg,@DataIndependent,Love it thank you Vers.,0,1716681600,2 years ago
UgyIyffcSwa5TrKwTNd4AaABAg,root,@mozsa.ferenc,"Greg it is cool tanks! I am thinking to implement LangChain to my company for document analyse at first. My question is what happen the sensitive informations in documents? How to save it, what is your recommendation?",0,1716681600,2 years ago
UgyIyffcSwa5TrKwTNd4AaABAg.9vh3O5z3d1b9vjRxzwHu0o,UgyIyffcSwa5TrKwTNd4AaABAg,@DataIndependent,"The data you use in your LLM will be sent to the model. If you use a 3rd party api it'll get sent to that company.

I would save it like normal data, either in a text file or a database",0,1716681600,2 years ago
UgyIyffcSwa5TrKwTNd4AaABAg.9vh3O5z3d1b9vl6-7E1-Pc,UgyIyffcSwa5TrKwTNd4AaABAg.9vh3O5z3d1b9vjRxzwHu0o,@mozsa.ferenc, @DataIndependent  thanks! I use OpenAI only,0,1716681600,2 years ago (edited)
Ugx042GKbvpQtIEn3hF4AaABAg,root,@piyushlavaniya3508,that was helpful to gain some nice insights on how to use langchain,0,1716681600,2 years ago
Ugx042GKbvpQtIEn3hF4AaABAg.9vaWUitv9zr9vbvQOOisna,Ugx042GKbvpQtIEn3hF4AaABAg,@DataIndependent,"Awesome, thanks Piyush - what're you working on?",0,1716681600,2 years ago
Ugw3nAwE_21QuT4zZD14AaABAg,root,@daffertube,Why not include a cell in the notebook to install langchain and openAI?,0,1716681600,2 years ago
Ugw3nAwE_21QuT4zZD14AaABAg.9vXdN512jcm9vbv3rAzv1L,Ugw3nAwE_21QuT4zZD14AaABAg,@DataIndependent,"Not everyone needed it, it's a tough balance to know what set up steps to include or not. Ex: Do I include a link to jupyter notebook installation too?",0,1716681600,2 years ago
UgzRu3LKdr9fAxUVcKt4AaABAg,root,@caiyu538,Great to revisit,0,1716681600,2 years ago
UgzRu3LKdr9fAxUVcKt4AaABAg.9vLxjJtbT0G9vbukluuQs6,UgzRu3LKdr9fAxUVcKt4AaABAg,@DataIndependent,Thank you,0,1716681600,2 years ago
UgyEtB1oSGjnA5WLa9N4AaABAg,root,@吴逸潇,"Great, correct, incisive, ultimate pragmatic video explanation, completely zero-based social science students eager to listen:face-purple-crying:",0,1716681600,2 years ago
UgyEtB1oSGjnA5WLa9N4AaABAg.9vFO_DeJvGR9vGrUkoqYEb,UgyEtB1oSGjnA5WLa9N4AaABAg,@DataIndependent,Nice! Thanks,0,1716681600,2 years ago
UgyAmY9BpaYfXAkWjqN4AaABAg,root,@samyeung122,Great tutorial!  Thanks!,0,1716681600,2 years ago
UgyAmY9BpaYfXAkWjqN4AaABAg.9us1UYkVSoo9usz4dFQJ-A,UgyAmY9BpaYfXAkWjqN4AaABAg,@DataIndependent,Awesome thank you! What’re you building or working on right now?,0,1716681600,2 years ago
UgylHe0vOitOFTzbAKp4AaABAg,root,@DefamsTV,"Hi, is langchain thread safe? If it is not, any workaround? I would use it for multiuser whatsapp chatbot",0,1716681600,2 years ago
Ugx0S620JqFq7DZIYHd4AaABAg,root,@armeensultana7356,"hey, can anyone tell me how can i search the msgs in previous chats with the bot, like we search by keyword on whatsapp. Is it even possible? please somebody guide me",0,1716681600,2 years ago
UgxV44PZr_7XXAqVulB4AaABAg,root,@anilaxsus6376,how did it know that serpapi is a search tool ?,0,1716681600,2 years ago
UgxNjedCZO6gHzvc3q54AaABAg,root,@brandolosaria9611,"Amazing and great explanation, Ill try out the cookbook in Git. Thank  you",0,1716681600,2 years ago
UgzhRiaDNr-D-IjSqJh4AaABAg,root,@amparoconsuelo9451,I  have read books and watched videos on LangChain. I still don't understand LangChain. This time I will order from Amazon an assembly LangChain kit.,0,1716681600,2 years ago
UgyvnghgZaZh34ZI8ZZ4AaABAg,root,@abdulrehmanbaber2104,""""""" these are not just fancy things, they have meaning you noob",0,1716681600,2 years ago
UgyvnghgZaZh34ZI8ZZ4AaABAg.9tqO6fURwng9tqYkyTvupZ,UgyvnghgZaZh34ZI8ZZ4AaABAg,@DataIndependent,Thanks for the comment Abdul!,0,1716681600,2 years ago
Ugxi-RsHmlirvzUXzOd4AaABAg,root,@rocio6454,"I will write the comment on this video but thanks too much for ALL the videos, code and your explanations. Keep going please, you have talent for this! waiting for new lessons sir!",0,1716681600,2 years ago
Ugxi-RsHmlirvzUXzOd4AaABAg.9tTaT3g9H4a9tqZMcmoRdH,Ugxi-RsHmlirvzUXzOd4AaABAg,@DataIndependent,"Awesome, thanks you Rocio",0,1716681600,2 years ago
Ugymbmbz4f7COfHA6fl4AaABAg,root,@anilkumarkanasani,Thank you very much,0,1716681600,2 years ago
Ugz_YTaUhjQLt5JbPNN4AaABAg,root,@zibaleah,"Great video, not your fault, but NEVER put parsley or garlic in a carbonara! 🤌🤌🤌🤌🤌🤌🤌🤌",0,1716681600,2 years ago
Ugz_YTaUhjQLt5JbPNN4AaABAg.9t6SEN1-NKK9t7zfziUBqY,Ugz_YTaUhjQLt5JbPNN4AaABAg,@DataIndependent,Ha love this! Thank you.,0,1716681600,2 years ago
UgzPSsiwI3m931SkbmV4AaABAg,root,@seansquantumlogic4199,Thank you so much for this tutorial,0,1716681600,2 years ago
UgwQRs__1LPtaRFvZNV4AaABAg,root,@caiyu538,great,0,1716681600,2 years ago
UgyL4HUeVz7ctqbiLC14AaABAg,root,@gitmaxd,"@20:42 I had to take a break, thanks for that :P",0,1716681600,2 years ago
UgwJRKfzDL0j5XFepj14AaABAg,root,@shaunpx1,great video! look forward to your other content on Langchain. Do you have any more video that disccus using multiple LLMs together or using huggingface transformers with Langchain?,0,1716681600,2 years ago
UgweCp5qb2u7Ed_lsBV4AaABAg,root,@echofloripa,"I know it was just an example of chain, but if we are already using (and spending on) openai gpt, at least on this specific example, we could just have the prompt straight to the full question, which gives the correct answer.",0,1716681600,2 years ago
UgxriYMdBw7WgOWQdTl4AaABAg,root,@vinaisankunni,"Greg, this is amazing. You have made LangChain so easy to understand. I was trying to install the package as suggested in the LangChain tutorial. 

pip install LangChain {all}

However,  am getting an error - with regard to hnswlib package installation - 

Getting requirements to build wheel ... error
  error: subprocess-exited-with-error
  × Getting requirements to build wheel did not run successfully.
  │ exit code: 1
  ╰─> [19 lines of output]

I reached out to LangChain support discord yet to hear anything, would you be able to guide me here.",0,1716681600,2 years ago
UgwlIki0dt24Fa3COTh4AaABAg,root,@pypypy4228,Thank you! But how did you access the picture in the end of the video? WildBelle1.png,0,1716681600,2 years ago
UgxXRf52TGJLY7Oe_jJ4AaABAg,root,@dontwasteachance,This is a great presentation. You have a great way of teaching.,0,1716681600,2 years ago
Ugz9rPImnexz2wgtthx4AaABAg,root,@koen.mortier_fitchen,Thank you for your work Greg! Regards from Belgium :),0,1716681600,2 years ago
UgyhP4NAee8NzPj_DzB4AaABAg,root,@kushagrapunia,Great!,0,1716681600,2 years ago
Ugxs-u3Qlm0bPpLsjo14AaABAg,root,@kushagrapunia,Great!,0,1716681600,2 years ago
UgyxZdY3UOjaqCuj8eJ4AaABAg,root,@redflipper992,"That band is extremely racist. nice dog whistle, loser.",0,1716681600,2 years ago
UgypkrW4-1I_8VMqKyh4AaABAg,root,@Larry-qv3ct,"great video, learned a lot, thanks!
One question on text splitter, if split a large doc or multiple, aggregated docs into multiple segments, is the split result aware of the contextual relationships between segments? if not, we might lose information during later conversations with the model. How does the splitter do this intelligently (for very large document or multiple documents)?",0,1716681600,2 years ago
UgwM50wJeED4I2yUxo14AaABAg,root,@new-gender-contract,"I want ChatGPT to write support emails (do my job). I know I can fine-tune ChatGPT with my emails from the past, but.... I have thousands of them. Is there a tool to choose typical, yet unique emails, from my dataset? I want a good set of 100 email instead of 10 000. Is there a method or tool for this?",0,1716681600,2 years ago
UgwM50wJeED4I2yUxo14AaABAg.9sHae6uvvH79sNRBDgH6qw,UgwM50wJeED4I2yUxo14AaABAg,@DataIndependent,"I would stay away from fine tuning. I would rather pick your previous emails which are most closely aligned to the new email you want to answer.

Then ask the LLM to read the new email, use the previous emails as a source of context, then answer the new email",1,1716681600,2 years ago
UgzNs6jncY4yyOF5HM14AaABAg,root,@gileneusz,11:50 I have no idea what are you talking about here and for what reason,0,1716681600,2 years ago
UgzNs6jncY4yyOF5HM14AaABAg.9sGvXojYf6z9sHIiF9Oc37,UgzNs6jncY4yyOF5HM14AaABAg,@DataIndependent,A vector is a mathematical way to represent the semantic meaning (the topic of the text) within a series of numbers. Each document has a vector of 1536 numbers representing it's meaning,0,1716681600,2 years ago
UgzNs6jncY4yyOF5HM14AaABAg.9sGvXojYf6z9sHKM__O2-y,UgzNs6jncY4yyOF5HM14AaABAg.9sGvXojYf6z9sHIiF9Oc37,@gileneusz," @DataIndependent  yes I know it, but it seems to be not clear what the vectors are used with this tool. After watching the whole video I still have not much clue. It's my fault because that's my first look into langchain. I'm just mentioning this so you may make more clear way to explain it into your other videos in the future.",1,1716681600,2 years ago (edited)
UgwRmfPMEvRToWV1CL94AaABAg,root,@TF-qt3jh,"Thank you 🙏 so much for your super comprehensive and massively detailed tutorial. I can’t believe this is free. 
Knowing you are an expert in this area, I have a quick question for you, and I’d appreciate it if you could give your advice on it. 
I’m a non-tech founder with good amount of conceptual knowledge about Python, LangChain, and other relevant approaches, frameworks and tools. 
I’ve been trying to develop a market research app similar to but more complex than this (https://youtu.be/zP8JUbyCUk0). If I just think about its mechanics, I.e., data flow, building it doesn’t seem awfully difficult. But the engineer I hired and others I was going to hire have trouble in coming up with practical development/design plan, let alone, building it. 
Do you think the development of something like mine is a pipe dream? Or am I searching engineers in wrong places?
Thank you for reading this lengthy message. ❤",1,1716681600,2 years ago
UgwRmfPMEvRToWV1CL94AaABAg.9sFhwXRLNrc9sFnx4LVEfg,UgwRmfPMEvRToWV1CL94AaABAg,@DataIndependent,"Nice! That's a fun video and @aijason is cool.

What's the thing you want to research first? I think you could do this by yourself and in fact it's a video I want to do.

Start w/ a super crisp first use case, then build from there, as you meet new use cases, expand your code to support those.",0,1716681600,2 years ago
Ugz9P1eUmTF7BtFrrSx4AaABAg,root,@waldon4369,"This video is very helpful for me , THX",0,1716681600,2 years ago
Ugz9P1eUmTF7BtFrrSx4AaABAg.9sBqM4RFH0C9sFmnmDjVPr,Ugz9P1eUmTF7BtFrrSx4AaABAg,@DataIndependent,Nice! Glad to hear it,1,1716681600,2 years ago
Ugyx5Mq7jdTRn4QWKHB4AaABAg,root,@hoyinleunghk,"The best explanation I have found on Youtube , thank you!",0,1716681600,2 years ago
Ugyx5Mq7jdTRn4QWKHB4AaABAg.9sAgJxjFjjL9sFmjeyEuak,Ugyx5Mq7jdTRn4QWKHB4AaABAg,@DataIndependent,Awesome thanks Hoyin - what're you working on?,0,1716681600,2 years ago
Ugyx5Mq7jdTRn4QWKHB4AaABAg.9sAgJxjFjjL9sGr5AkG8ua,Ugyx5Mq7jdTRn4QWKHB4AaABAg.9sAgJxjFjjL9sFmjeyEuak,@hoyinleunghk,"​ @DataIndependent  Hi Greg, I'm a web developer. Recently I tried openai's whisper to do subtitles and I'm amazed by its accuracy. 
I've also been curious about what Langchain is and how it can used.  you offered a great explanation. 🙏",0,1716681600,2 years ago (edited)
UgzwoKZ_du2g9kOLAOB4AaABAg,root,@ibraheemalsaady3216,"Amazing video, it helped me a lot",0,1716681600,2 years ago
UgzwoKZ_du2g9kOLAOB4AaABAg.9s8j21hydZh9s9K6bUnLl0,UgzwoKZ_du2g9kOLAOB4AaABAg,@DataIndependent,Glad you liked it!,1,1716681600,2 years ago
Ugy8Ym7cLf-o2CTo1Vp4AaABAg,root,@محمودجلیلی-ش1م,"want to translate a PDF file larger than 5MB using langchain while preserving the formatting of the text and images within the PDF. Please guide me on how to do this, and if possible, provide a tutorial for this matter. Thank you.",0,1716681600,2 years ago
Ugy8Ym7cLf-o2CTo1Vp4AaABAg.9s2zVu4DQP69s3od1-NHUn,Ugy8Ym7cLf-o2CTo1Vp4AaABAg,@DataIndependent,"Preserving formatting is tough. Most solutions strip as much as they can so reduce tokens.

I haven’t seen an easy way to do this yet",0,1716681600,2 years ago
UgyZtippK-HFF8G2NF94AaABAg,root,@michaelanderson3172,"Excellent instruction! You've made what could be a complex topic, very simple.  Hope you can do a video on embedding and the various use cases.   Thank you for the excellent presentation in this video.",0,1716681600,2 years ago
UgyZtippK-HFF8G2NF94AaABAg.9rxEWgWCq_c9rxFe-6Ty7L,UgyZtippK-HFF8G2NF94AaABAg,@DataIndependent,"Awesome thank you!

For embeddings, what is the real world use case you want to explore more?",0,1716681600,2 years ago
Ugwt7WomLuQ5HZU-10p4AaABAg,root,@applied_relevance,"Well crafted overview with concrete examples.  I'm very experienced in the field, and this taught me quite a bit.",0,1716681600,2 years ago
Ugwt7WomLuQ5HZU-10p4AaABAg.9rx5PcP1-ts9rxFWv4tyDC,Ugwt7WomLuQ5HZU-10p4AaABAg,@DataIndependent,"Great thank you George.

What’re you working on or building?",0,1716681600,2 years ago
UgwksQCX0umK2XljDUR4AaABAg,root,@thatsmekb,Great overview Greg! Really enjoyed the examples and the way you broke down the concepts.,0,1716681600,2 years ago
UgwksQCX0umK2XljDUR4AaABAg.9rs0ddVorkH9rs2jUs0IT9,UgwksQCX0umK2XljDUR4AaABAg,@DataIndependent,Nice!! Thanks man,0,1716681600,2 years ago
Ugys-v-BMormQzjlPot4AaABAg,root,@ajaytaneja111,"Hi Greg, in the last part of the video about Agents, can you please highlight, which part is going to the Language Model? I mean, you have a) Action b) Action input c) Observation

Out of these, how are we exploiting the reasoning ability of the LLM? What part from: Action, Action input, Observation makes use of the reasoning ability of the LLM?",0,1716681600,2 years ago
Ugys-v-BMormQzjlPot4AaABAg.9rllspIVira9rmzfpRjuQ4,Ugys-v-BMormQzjlPot4AaABAg,@DataIndependent,"So it's a bit confusing, but there are a few different prompts that go to the LLM in agent work. The best place to view them all would be with a tracer.

For example, here is a prompt for react agent type: https://github.com/hwchase17/langchain/blob/79fb90aafd104ce013b954936f0159e96d3ae85d/langchain/agents/chat/prompt.py#L26",1,1716681600,2 years ago
Ugys-v-BMormQzjlPot4AaABAg.9rllspIVira9rn6OkhQ5A5,Ugys-v-BMormQzjlPot4AaABAg.9rllspIVira9rmzfpRjuQ4,@ajaytaneja111,"​ @DataIndependent  thanks, is it like telling the LLM to repeat Question, Thought, Action, Action Input and Observation ""N"" times - N being when you get the write observation?",0,1716681600,2 years ago (edited)
UgxC9BZG9_AjgeXbaj14AaABAg,root,@samfurlong4050,Amazing!,0,1716681600,2 years ago
UgxC9BZG9_AjgeXbaj14AaABAg.9rhc3wrXJxI9rhzUdEe4Ln,UgxC9BZG9_AjgeXbaj14AaABAg,@DataIndependent,Thanks Sam!,0,1716681600,2 years ago
Ugz_Aq0_Lt-IHesxK1t4AaABAg,root,@more-reese,"Super helpful, thank you!",0,1716681600,2 years ago
Ugz_Aq0_Lt-IHesxK1t4AaABAg.9rfn1-VMT4p9rg7_jwySCx,Ugz_Aq0_Lt-IHesxK1t4AaABAg,@DataIndependent,Nice!! Glad to hear it - what’re you building?,0,1716681600,2 years ago
Ugz5gxLV0pC0s2QrKEZ4AaABAg,root,@陆恒-g9e,Thank you for the guide cookbook! 谢谢你精彩的cookbook！,0,1716681600,2 years ago
Ugz5gxLV0pC0s2QrKEZ4AaABAg.9r_Hz4P2bpl9raQefi5GX8,Ugz5gxLV0pC0s2QrKEZ4AaABAg,@DataIndependent,Awesome! Glad it worked,0,1716681600,2 years ago
Ugy5fU2crsvxJRJS3ot4AaABAg,root,@MrGarg10may,"Nice, was so hard to go over the documentation and understand these.",0,1716681600,2 years ago
Ugy5fU2crsvxJRJS3ot4AaABAg.9rWTjZk8gb49rWZCS7ygII,Ugy5fU2crsvxJRJS3ot4AaABAg,@DataIndependent,Nice! Thank's Mr. Garg,0,1716681600,2 years ago
UgzDgOrE0INHk23Cpn94AaABAg,root,@_johnpartee,Aw Natalie Bergman,0,1716681600,2 years ago
UgzDgOrE0INHk23Cpn94AaABAg.9rQhsesIFyH9rQp5aTXQvI,UgzDgOrE0INHk23Cpn94AaABAg,@DataIndependent,Big fan of Isles!,0,1716681600,2 years ago
UgzL9HIYCsPbOQYs7lV4AaABAg,root,@Ytsubray73,Great coverage and explanation of Langchain Greg. Thanks for this!,0,1716681600,2 years ago
UgzL9HIYCsPbOQYs7lV4AaABAg.9rQFErWWnfy9rQgm_5daSM,UgzL9HIYCsPbOQYs7lV4AaABAg,@DataIndependent,Awesome thank you! What’re you building?,0,1716681600,2 years ago
UgyOBfLJnRD1BAQ31514AaABAg,root,@Scooterboy_and_others109,"Fantastic video. I learned a ton in 60 minutes, by watching this video
Looking forward to watch the rest as well",0,1716681600,2 years ago
UgyOBfLJnRD1BAQ31514AaABAg.9rM5vQRtPGO9rMB5GRv7dq,UgyOBfLJnRD1BAQ31514AaABAg,@DataIndependent,Nice! Glad to hear it Prasanna!,0,1716681600,2 years ago
UgySdLzKaOgbMOGJkk94AaABAg,root,@bunnihilator,The best overview ever!!,0,1716681600,2 years ago
UgySdLzKaOgbMOGJkk94AaABAg.9rJZjvEnIdn9rJbZ8qpnO5,UgySdLzKaOgbMOGJkk94AaABAg,@DataIndependent,"Awesome, thank you!",0,1716681600,2 years ago
UgxHIqIzQhbElWg9yEp4AaABAg,root,@lendraai,Thank you! Very helpful,0,1716681600,2 years ago
UgxHIqIzQhbElWg9yEp4AaABAg.9rHUz8nuedk9rHXTc8D6CA,UgxHIqIzQhbElWg9yEp4AaABAg,@DataIndependent,Awesome - glad it helped David. What’re you building?,1,1716681600,2 years ago
UgxHIqIzQhbElWg9yEp4AaABAg.9rHUz8nuedk9rKEK0f57Dy,UgxHIqIzQhbElWg9yEp4AaABAg,@lendraai,I’m building labor & employment law bots for use by HR departments. I’m a litigation attorney that specialized in employment law.,0,1716681600,2 years ago
UgwazTwlZxMvNgMuYtF4AaABAg,root,@N5O1,who can explain to me what is the purpose of a LangChain prompt template? why you just can't use a template string?,0,1716681600,2 years ago
UgwazTwlZxMvNgMuYtF4AaABAg.9rDe1u6Vf129rDnKo60C2q,UgwazTwlZxMvNgMuYtF4AaABAg,@DataIndependent,"In the base case there is a bunch of overlap.

But once you get into more dynamic prompting and example selection it becomes easier to work with. Not only that but if you’re switching between models (like chat vs completion) it’s nice to have a prompt object that can swap between the two",0,1716681600,2 years ago
UgxmBfQVi513VaxHEWd4AaABAg,root,@cadbad,"Thank you so much for making this so easy to follow and understand. As someone who has been out of the coding game for 15 years, I really struggled with some of the content from others where the assumed knowledge and terminology is so much higher. Keep up the good work :)",0,1716681600,2 years ago
UgxmBfQVi513VaxHEWd4AaABAg.9rCuKcCNznd9rDdq4Xi7Ae,UgxmBfQVi513VaxHEWd4AaABAg,@DataIndependent,Awesome! Thank you very much - what projects are you working on building?,0,1716681600,2 years ago
UgxmBfQVi513VaxHEWd4AaABAg.9rCuKcCNznd9rHG-AeO3Cm,UgxmBfQVi513VaxHEWd4AaABAg.9rCuKcCNznd9rDdq4Xi7Ae,@cadbad," @DataIndependent  An app that helps users draft a specific type form of words. I'd like to use an agent that will follow a general process to gather information, then evaluate whether it has enough to draft the text against specific criteria, and ask for more if not. Once it thinks it has enough, it will draft the form of words. Evaluation seems tricky though!",0,1716681600,2 years ago (edited)
Ugyl_7kpaYo4mIS-dXN4AaABAg,root,@intrestingness,How does openai Function calling change what you do with Langchain?,0,1716681600,2 years ago
Ugyl_7kpaYo4mIS-dXN4AaABAg.9rBSSGayf1O9rBT2jQY68R,Ugyl_7kpaYo4mIS-dXN4AaABAg,@DataIndependent,"Not a ton, LangChain uses function calling under the hood for a lot. I will change up a few prompts and techniques",0,1716681600,2 years ago
UgzvSKPGCX-ORHnbZMF4AaABAg,root,@therealjimmycooper,Spectacular video. Thank you.,1,1716681600,2 years ago
UgzvSKPGCX-ORHnbZMF4AaABAg.9qzJJVHEXf89qzJXhhIjcH,UgzvSKPGCX-ORHnbZMF4AaABAg,@DataIndependent,Glad you enjoyed it!,0,1716681600,2 years ago
UgzTM7wRVhls-rxhnmJ4AaABAg,root,@Gorto68,"Had an error in the ""Example Selectors"" -- fixed it with ""!pip install tiktoken"" and ""!pip install faiss-cpu""",0,1716681600,2 years ago
UgxHONtfMLMgJvXslPl4AaABAg,root,@ed42x,"Too relaxing to learn with you!! The way you communicate is very nice and clear, thank you",0,1716681600,2 years ago
UgxHONtfMLMgJvXslPl4AaABAg.9qqVvb9xVwT9qqbMpFiVRi,UgxHONtfMLMgJvXslPl4AaABAg,@DataIndependent,Thanks for the kind comments!,0,1716681600,2 years ago
UgxxI4-kxq4RAm8AJ3l4AaABAg,root,@GullyAPCBurns,Fantastic presentation! This is incredibly useful. Thank you!,0,1716681600,2 years ago
UgxxI4-kxq4RAm8AJ3l4AaABAg.9qkw5Lp-8bh9qkyW4LIHZv,UgxxI4-kxq4RAm8AJ3l4AaABAg,@DataIndependent,Awesome! Thank you,0,1716681600,2 years ago
Ugy_Dxll5G7lR53Q5_R4AaABAg,root,@mcusson2,Wow. The power and possibilities are endless! I hooked already.,0,1716681600,2 years ago
UgyebX-wT2oaArHeMux4AaABAg,root,@hanwenmiao6702,"if I am in a company that uses their own api base, how should I integrate that into the code",0,1716681600,2 years ago
UgyebX-wT2oaArHeMux4AaABAg.9qgpHWg_wVi9qhLYivENnT,UgyebX-wT2oaArHeMux4AaABAg,@DataIndependent,"You can integrate with a whole bunch of LLMs
https://langchain.com/integrations.html",0,1716681600,2 years ago
UgxqOC64dh0A8NAdxMV4AaABAg,root,@usoppgostoso,"ChatOpenAI didn't work for me, apparently. Exact same code. I get nothing, no error, just nothing.",0,1716681600,2 years ago
Ugz8BSuzDwaJHaqwyLV4AaABAg,root,@Vinato2000,"Awesome introduction about LangChain, great job!",0,1716681600,2 years ago
UgxBvOq4QWkvRvYZ0Z54AaABAg,root,@angzampona9140,In order to use the full potential of langchain do you think I should dive into learning python or JavaScript?,0,1716681600,2 years ago
UgxBvOq4QWkvRvYZ0Z54AaABAg.9qVHkkPuTnW9qVWjDXBRh2,UgxBvOq4QWkvRvYZ0Z54AaABAg,@DataIndependent,"Totally up to you! I would ask chatgpt which you should learn after telling it your goals and it’ll have a good recommendation.

I personally would recommend python first",0,1716681600,2 years ago
UgzYmvJH0v5uvL3jEQB4AaABAg,root,@ControlTheGuh,Really great intro to langchain,0,1716681600,2 years ago
UgzYmvJH0v5uvL3jEQB4AaABAg.9qU7qR7IamZ9qUXvAc2BzL,UgzYmvJH0v5uvL3jEQB4AaABAg,@DataIndependent,Nice! Thank you,0,1716681600,2 years ago
UgzhVbDU6ElB_6fM-EZ4AaABAg,root,@joaquinbembhy3446,"Your way of explaining is just flawless. Really helpful material, provided in a perfect manner. Congrats!",2,1716681600,2 years ago
UgzhVbDU6ElB_6fM-EZ4AaABAg.9qMOWQeUxEg9qNolYx8T7r,UgzhVbDU6ElB_6fM-EZ4AaABAg,@DataIndependent,Nice! Thank you and glad to hear it,0,1716681600,2 years ago
Ugzth5TsCPU-LeoogZV4AaABAg,root,@RunyCalmera,"Another use case Greg:

Imagine I create Wordpress review sites where I review Amazon products.

And ai want to review a product category like digital cameras based on the review of the existing cameras.

What ai want to langchain to help me review the top 7 cameras, puth the pros and cons of the top 7 cameras and write a review for each camera.

The inputs are: product name, amazon link, and I can get the reviews for this product.

So I’m thinking about a template like:

You are a reviewer of cameras. You found 7 cameras. And you got alle reviews of these cameras.

Write an article and give product description, the pros and cons and list the products from 1 to7 based on the reviews.",0,1716681600,2 years ago
Ugxw5YvJbadJkYh0pEx4AaABAg,root,@RunyCalmera,"Use case: imagine you have a project management assistant app.

You are a project manager with multiple projects.

How can an app help you?

I’m thinking about creating projects automatically.

A project might be building an IT system.

Can a model help you to create a project with phases of this IT project?

And in each phase create the team tasks in that phase?

How would you analyze this and implement this in a notebook?",0,1716681600,2 years ago
Ugx3LqzfKdT5jTg9STl4AaABAg,root,@RunyCalmera,"Man this is so cool!!! I love the agent example❤❤❤❤.

Only what is an embedding? When you use terms maybe just tell me like I’m 6 year old what that term is.❤❤❤❤",0,1716681600,2 years ago
Ugz5EmMcZcBH-wYnrwl4AaABAg,root,@ernesttan8090,This is some amazing stuff!,0,1716681600,2 years ago
Ugz5EmMcZcBH-wYnrwl4AaABAg.9qCvwCvOvqR9qHIrKabgTu,Ugz5EmMcZcBH-wYnrwl4AaABAg,@DataIndependent,Nice thank you!,0,1716681600,2 years ago
UgywrzhjV6otNUT-3fp4AaABAg,root,@braunbrelin982,Are there any examples of using langchain to write blog posts? Could you make a video on how to do this?,0,1716681600,2 years ago
UgywrzhjV6otNUT-3fp4AaABAg.9q9f7MmPYKV9q9nRCul-0o,UgywrzhjV6otNUT-3fp4AaABAg,@DataIndependent,"Not a bad idea. I don’t have those examples yet but I see a framework in my head I can recommend for it.

Let me cook up a video on it",0,1716681600,2 years ago
UgwjqdzG5xj0x3Qv9a54AaABAg,root,@thedeadjokers,"If I may make a suggestion, for complete noobs tell them how to or where they can get info on how to run the Python Notebook, that took me a while to figure out, the rest of your stuff was spot on, well done!",0,1685059200,3 years ago
UgxiRXsreswd10eGjSV4AaABAg,root,@zionc4005,this some lean shit. Hella thanks man. This is great!,1,1685059200,3 years ago
UgwRjpIpKmI8Mr4jrR14AaABAg,root,@ChaosLabs,"Took me a while to realize the parsing is done by the llm and all you're doing is giving it instructions on how to parse. In hindsight, it's obvious that's what would be done but I'm still amazed and surprised all at once.",0,1685059200,3 years ago
Ugz-HvX_RukORhcjD9h4AaABAg,root,@clementdecrop,"And all of a sudden, you get classroom 🎤⬇",0,1685059200,3 years ago
Ugzfh_E1ZGVYVzNp_tJ4AaABAg,root,@jaideep_yes,You aced the topic man!. Thanks.,1,1685059200,3 years ago
Ugyeyx-bNyEA28YSRRd4AaABAg,root,@PeterSodhi,This was amazing,0,1685059200,3 years ago
UgzI5eKt2H4GtO0w0uF4AaABAg,root,@tonkatu1117,"I'm just a product manager who knows only a little bit about writing codes, but this video made it really easy to understand the high level concept and get the hang of lang chain. 
Big shoutout from Japan🍣",3,1685059200,3 years ago
Ugy4Gyk1I8vwFjpJRbl4AaABAg,root,@Dr_Tripper,Yesterday I finally had a breakthrough and am beginning to understand the things that I see and read.  I just hope that I don't have to use API keys as I want EVERYTHING local until I want to access the 'net for more information.  I am building a fairly comprehensive application that not only will order groceries but will also perform local actions. What a time to be alive.,3,1685059200,3 years ago
UgyX6IZwCeVYljMtgXt4AaABAg,root,@theeFaris,Extremely concise and no hype and straigh to the point. I LOVE IT!,0,1685059200,3 years ago
Ugy4ewgoQriS7KcphJh4AaABAg,root,@waeldimassi3355,This is awesome !!! Please keep up ! All my support,0,1685059200,3 years ago
Ugwgg7OxiPlb6TfT20t4AaABAg,root,@truliapro7112,"I am interested in using OpenAI/PineCone to convert my data to vectors, but I have some concerns about how OpenAI uses customer data. Can you provide information on OpenAI's policy regarding data usage? This is a significant concern for many companies, and I would appreciate any documentation or resources you could provide.

Additionally, I am curious if there are any alternatives to PineCone that I can use for vectorization.

Thank you for your assistance in this matter.",0,1685059200,3 years ago
Ugx7saoi9fhDACUmui94AaABAg,root,@alexandermedina4950,"It has become very difficult to keep up with the ML/DL/AI scene as of lately, so I decided to go with Lang ⛓️, and your video has been the best I've seen so far. Thank you for your effort.",6,1685059200,3 years ago
Ugw_-5kBp_2BGapP0rl4AaABAg,root,@yallaskate,"this is awesome. as someone who fails with some silly error everytime they try coding, this is the first time i've been able to fluently follow through a tutorial without hiccups. big kudos to you and great work with your explanations. excited to work through your series",9,1685059200,3 years ago
Ugw_-5kBp_2BGapP0rl4AaABAg.9pdpbFjWqWN9tgC_7MyZh2,Ugw_-5kBp_2BGapP0rl4AaABAg,@MMABeijing,You used the colab notebook to follow the code?,0,1716681600,2 years ago
Ugw5aO5WBre6TuAz65h4AaABAg,root,@babasahebpinjar6290,I remember you mentioned an app which you developed to get all the jobs using langchain and openai. I am not able to find it. could you kindly send that link ?,0,1685059200,3 years ago
UgxXjjjEFYJcNcmDu0t4AaABAg,root,@jediahmattison9501,"I have a question. Is it possible to combine a chain and an agent? Also can agents read from a vectorstore?
Great content btw would love to see more!",0,1685059200,3 years ago
UgxXjjjEFYJcNcmDu0t4AaABAg.9pbOBeuiv2w9pcGBixhf1-,UgxXjjjEFYJcNcmDu0t4AaABAg,@DataIndependent,Big time! You can give the agent a tool which can be a chain or a vectorstore. It would be a custom tool,0,1685059200,3 years ago
UgyAsvBdLLqun5PdxSZ4AaABAg,root,@NashatJumaah,With this attitude your channel will be a start in the upcoming months/years.Keep up the great work..,0,1685059200,3 years ago
UgyAsvBdLLqun5PdxSZ4AaABAg.9pbK_XnmP9Z9pcGCxp6yqM,UgyAsvBdLLqun5PdxSZ4AaABAg,@DataIndependent,Nice thank you!,0,1685059200,3 years ago
UgyTFY0HTIUfQ86c7WB4AaABAg,root,@xiaolianyuan6660,Finally found the clear and intuitive lecture on how to smart use of LLMs by langchain and other search tools. Thank you so much.,0,1685059200,3 years ago
UgyTFY0HTIUfQ86c7WB4AaABAg.9paniQ5AhM-9pcGEQXHnhZ,UgyTFY0HTIUfQ86c7WB4AaABAg,@DataIndependent,Nice! Thank you,0,1685059200,3 years ago
UgwP9YgHe-WRZxJJXG94AaABAg,root,@phildefontenay,Excellent content Greg! I learned a lot and I've decided to really jump in and master Langchain 😁,1,1685059200,3 years ago
UgwIoKLYasMeQd70ofV4AaABAg,root,@scitechtalktv9742,"Very good and clear overview !
A question: can I use Langchain with open source LLMs?",0,1685059200,3 years ago
UgwIoKLYasMeQd70ofV4AaABAg.9pZnS3iQeGv9p_XW7pbxb8,UgwIoKLYasMeQd70ofV4AaABAg,@DataIndependent,"Big time - you can check out who they integrate with here
https://langchain.com/integrations.html",0,1685059200,3 years ago
UgzO3syzNvOFSNNVznF4AaABAg,root,@edoson01,"Sorry, can't see what langChain is giving the user beside some synthetic sugar. most of the examples are simply string fillers, which you can do with some basic python. the last example of the ""Agent"" searching for ""the first album of the band natalie bergman is a part of"", can be solved by asking openAI direcly: ""what was the first album of the band natalie bergman is a part of?"" which of course returns the right answer without doing ""searches"" and ""multisteps"". 40 minutes of video and 0 examples of anything innovative. wow.",0,1685059200,3 years ago
UgzO3syzNvOFSNNVznF4AaABAg.9pVopOSktZT9pWalp5NHiO,UgzO3syzNvOFSNNVznF4AaABAg,@DataIndependent,"These are just the fundamentals. Check out part 2 for the use cases.

It’s like pandas, of course you do could do data analysis in raw python but you’re way quicker with a library",0,1685059200,3 years ago
UgzO3syzNvOFSNNVznF4AaABAg.9pVopOSktZT9pZ2B-6KWM6,UgzO3syzNvOFSNNVznF4AaABAg,@jimjones26,"In the words of the late Curly Bill Brocius, ""Well, bye.""",0,1685059200,3 years ago
UgwQe8PVGGPes0hqQNp4AaABAg,root,@TroyShields,"BRAVO! Clear, concise, and to the point. Thank you.",0,1685059200,3 years ago
UgzLlDYRb4BjuP-RPLF4AaABAg,root,@RyanBrown-d7w,Very impressive communication skills!,0,1685059200,3 years ago
Ugzza9jMDuC0DAaCQhZ4AaABAg,root,@donaldsmith4623,"Good review of the framework. in 12:31 you mentioned the use of triple quotes for fanciness. However, I think they work well for multiline strings. just my thought. Keep it up though, I liked this alot",0,1685059200,3 years ago (edited)
Ugzza9jMDuC0DAaCQhZ4AaABAg.9pS6oSvatBp9pSdxdI8zRM,Ugzza9jMDuC0DAaCQhZ4AaABAg,@DataIndependent,Nice! Thank you for that.,0,1685059200,3 years ago
UgwqYE4kZZXRqd_SQzt4AaABAg,root,@ajith007-ytb,Thank you so much for the video. It was really very helpful. You explained the concepts very well. 🙏,1,1685059200,3 years ago
UgxuX0WOCUa-5is8GGF4AaABAg,root,@PathosConsultingGroup,"What if the data I want to query is student data and I need to maintain FERPA compliance? If I'm sending that data externally to OpenAI, then is this basically a non-starter?",0,1685059200,3 years ago
Ugys1T3geCOWxFjj57J4AaABAg,root,@alessandrorossi1294,I’m amazed how dense and well indexed this video and document is,0,1685059200,3 years ago
Ugys1T3geCOWxFjj57J4AaABAg.9pNRbiseGSp9pNcCIAe4US,Ugys1T3geCOWxFjj57J4AaABAg,@DataIndependent,Nice! Thank you,0,1685059200,3 years ago
UgwQ_0bEPB8T6-XZR-h4AaABAg,root,@armankarambakhsh9863,Dude finding this video was one of the best things that happened to me in life,0,1685059200,3 years ago
UgwQ_0bEPB8T6-XZR-h4AaABAg.9pGY0hIgNIv9pG_dQA8kOY,UgwQ_0bEPB8T6-XZR-h4AaABAg,@armankarambakhsh9863,"I guess we can run it through your cookbook too right? If yes, how would integrating it into my website work? Can we also copy it's code exactly for our initial templates?",0,1685059200,3 years ago
Ugx1gyi5AgB40jRnb2l4AaABAg,root,@shodwana,"Hi in the past few weeks I realized that Langchain is the way to go, I am very encouraged to follow you and I have just subbed from your channel. The question is how do I apply this to try?",0,1685059200,3 years ago
UgyVspL4_CZhHHkVLXt4AaABAg,root,@pablonegro9367,Awesome!,0,1685059200,3 years ago
Ugw99b2PG-vphXC_XQN4AaABAg,root,@4tofromcafe,How does one run your github code. Cannot find any setup instructions in readme file.  I tried installing it with Binder but it seems to have gotr stuck trying to set up a really complex environment.,0,1685059200,3 years ago
UgwGbEcMLhHAqiqk9aJ4AaABAg,root,@attilavass6935,"I love your videos, but pls. slow down a bit and use intonation and smaller pauses where necessary, that would help us non-native English speakers.
I love your content, but this one is pretty hard to ingest. 
Slowing down speed to 75% doesn't help in identifíing topic or aspect change.",0,1685059200,3 years ago (edited)
UgzQO78AT8_xpAyXU9V4AaABAg,root,@TinyMagiq,Kudos to you reffort on doing this. Very helpful. Thank you,0,1685059200,3 years ago
Ugwy_sW-wCqXQ6mQehh4AaABAg,root,@massibob2004,Can you contact me please ?,0,1685059200,3 years ago
UgzWncyCuw_8ILtwe614AaABAg,root,@askcoachmarty,"Greg, thanks for another great video. I've come back to this one a few times to clear my head :)",0,1685059200,3 years ago
Ugz-UjHVL8a2iYO6eSJ4AaABAg,root,@vaiivaii-z5h,"Once i run the first chat script (i like tomatoes,what should i eat) i get an Error : 
File ""<string>"", line 1, in <module>
NameError: name 'DBAPIConnection' is not defined",0,1685059200,3 years ago
UgzuyafYaJaYSRnV8jl4AaABAg,root,@tomcoleman2765,Great job!,0,1685059200,3 years ago
Ugxqu__F0EXFo8Z_EDZ4AaABAg,root,@shawnkim3733,And.. here is my Ivy League teaching C at 2023.,0,1685059200,3 years ago
UgzrzlTs_JeZhCdrQQF4AaABAg,root,@ninthsun,"Thanks, this really helped a lot to briefly get an idea what Langchain can do👍",0,1685059200,3 years ago
UgzcZeHxlmfo_8uWmxV4AaABAg,root,@jokosalsa,Fantastic tutorial. One of the best I found. Great job! Subscribed,0,1685059200,3 years ago
UgzcZeHxlmfo_8uWmxV4AaABAg.9p5btHCQZv59p87kAkJvt4,UgzcZeHxlmfo_8uWmxV4AaABAg,@DataIndependent,Nice! Thank you,0,1685059200,3 years ago
UgzVPcDlVr4eHJypFL94AaABAg,root,@cesarlinares8149,Great video!,0,1685059200,3 years ago
Ugx9qRbALQFu-z2F3jh4AaABAg,root,@AI-Hallucination,Can I do this with no knowledge on coding 😂,0,1685059200,3 years ago
Ugz6Zl4Ndl7usWQQL0h4AaABAg,root,@outof.thehouse,Thoroughly enjoyed this! Thank You so much :),0,1685059200,3 years ago
UgysToRrIP-j5wyXapl4AaABAg,root,@t_o_ny,Absolutely awesome content.,0,1685059200,3 years ago
UgysToRrIP-j5wyXapl4AaABAg.9p0E9fJCPZk9p1Ivcdu5B4,UgysToRrIP-j5wyXapl4AaABAg,@DataIndependent,Awesome thank you!,0,1685059200,3 years ago
UgyiHRIf8wrbunpPIXt4AaABAg,root,@kuntalpcelebi2251,I am gonna set this up to ask questions about langchain to keep me updated with langchain :D,0,1685059200,3 years ago
UgzsQjYkkjAVYDsEdmR4AaABAg,root,@KenSemerkant,"Excellent tutorial, thanks for sharing",0,1685059200,3 years ago
Ugzc63pa2nL__uSbfdx4AaABAg,root,@openclawcity,at 16:23 you say that Faiss is going to help store the embeddings .But Faiss is not a store. Can you clarify please ?,0,1685059200,3 years ago
Ugzu--sJ3_kjqvSmTVd4AaABAg,root,@Lucien-0721,Hey your videos are great. I wanna know that what is different between text-splitter and map-reduce、rerank、stuffing、map-rerank . Or what are the relationship of them.,0,1685059200,3 years ago
Ugzu--sJ3_kjqvSmTVd4AaABAg.9osnCprASzg9otbx-IFMc8,Ugzu--sJ3_kjqvSmTVd4AaABAg,@DataIndependent,Check out my video on “work around token limits” for OpenAI and I go through each one,0,1685059200,3 years ago
UgwQJcZbhg68XasEggx4AaABAg,root,@Ty_Cenat,How much did you have to pay OpenAI for API access?,0,1685059200,3 years ago
UgzRKRV4yOWx5MKEOg14AaABAg,root,@JacobJarnvall,Awesome vid! When can we expect #2?,0,1685059200,3 years ago
UgxuYOrraEvaMabDd4V4AaABAg,root,@Joooooooooooosh,I'm not understanding the difference between prompt template and a regular f string with extra steps.,0,1685059200,3 years ago
Ugzd5vXw6tY_mpjOxd54AaABAg,root,@cmthimmaiah,"Amazing, thank you",0,1685059200,3 years ago
UgxrVzhV1YR9ySJqJv54AaABAg,root,@micbab-vg2mu,I have started using Langchain. The video is what I need. Thank you.,0,1685059200,3 years ago
UgxSGGDHj3q19RIE-Jx4AaABAg,root,@olibpool8870,"Great vid, I've been looking into Auto-GPT and the langchain agents seem very similar. Does anyone know the key differences?",0,1685059200,3 years ago
UgwaQ1FGOdLu6xig9Cl4AaABAg,root,@paul_sanders,High level/big picture explanations like this are very useful to some of us. Thank you,1,1685059200,3 years ago
UgwaQ1FGOdLu6xig9Cl4AaABAg.9ojDyqjW_uj9ojkteimwKe,UgwaQ1FGOdLu6xig9Cl4AaABAg,@DataIndependent,Nice! Glad it worked out,1,1685059200,3 years ago
UgwLSuysFZr0YZg5HEd4AaABAg,root,@jeffpowers2584,"Nice one, to the point. One clarification.. we have some sensitive data which should not be sent externally  In this case such as langchain.vectorstores stores locally, what sort of information goes externally to openAI or outside company network",0,1685059200,3 years ago
UgyLVbzzkE4tceGIvhd4AaABAg,root,@021Jay123,I had zero knowledge about it and was struggle to understand it. now I have fairly good idea that Langchain is and what it can do with. thanks a lot.,0,1685059200,3 years ago
UgxmyD1BhPKTLv_7Old4AaABAg,root,@dennisnichols1374,Awesome explanation. So clear! I loved that you just went step by step through the notebook.,6,1685059200,3 years ago
UgwBCY14swdzkqAO3Kx4AaABAg,root,@hiranga,One question - is there a top level service within LangChain for tracking Token usage for each API or Tool one may be using in each chain?,0,1685059200,3 years ago
Ugz_3-tFUu-fUhwbzch4AaABAg,root,@hiranga,"Dude. Epic💪🏾💪🏾💪🏾💪🏾💪🏾 
👏🏾thanks for this Masterclass!",0,1685059200,3 years ago
UgwRKPsS1xmYzzJunEp4AaABAg,root,@amin24e1,great content,0,1685059200,3 years ago
UgyrbtnEJEtnhpe2K5d4AaABAg,root,@AnnetteThompson,"Greg, thanks for so generously sharing your knowledge! I like the new navy paint on the walls in your room. 👍🏻",0,1685059200,3 years ago
UgyrbtnEJEtnhpe2K5d4AaABAg.9oZ32b1w_T79ojlHesVT4X,UgyrbtnEJEtnhpe2K5d4AaABAg,@DataIndependent,Thank you! it was time for an upgrade,0,1685059200,3 years ago
Ugzu8inQ4y5H541Zhed4AaABAg,root,@DavitBarbakadze,At first I thought you were to handsome too provide any valuable information. I was surprised to find myself wrong!,0,1685059200,3 years ago (edited)
UgzszjgbFeSAgDsq3TV4AaABAg,root,@jasonvongsay2620,":face-red-heart-shape: I've watched 4 of your videos now, and the ""set"" and video quality have incrementally improved. I appreciate you putting in the effort to make your videos better. I look forward to watching and learning from your future videos!",5,1685059200,3 years ago
UgyNbpUV_p7lj6XUrjd4AaABAg,root,@avasdream6688,"Hi, very informative Video, thanks for sharing. I don't understand why langchain is implementing some things like prompt formatting again, you could just use python formatted strings for it. Another example would be the Chat History feature, which is just an array of dicts. Do you know why? Maybe to have one interface for JS/TS and python users?",0,1685059200,3 years ago
UgxNT-P1nB4ncHFkkMV4AaABAg,root,@muratozdemir1812,"6:42 When I try to run the code in VSC, nothing is printed. The code just runs and stops. How can I fix this?",0,1685059200,3 years ago
UgwryIO9Lb69HZA-5wh4AaABAg,root,@logmusic1993,"Amazing video, great breakdown! If possible, it would be great if you could share some details on cost estimates for this type of work. Would be good to know in advance if it’s going to get pricey for any of these demos",0,1685059200,3 years ago
UgwryIO9Lb69HZA-5wh4AaABAg.9oPyJYF6dyf9pG_Mk6mu-q,UgwryIO9Lb69HZA-5wh4AaABAg,@armankarambakhsh9863,Dude almost anyone can afford such modern AI projects. Consider it very low,0,1685059200,3 years ago
Ugw3LsB2JidOnCUBS4N4AaABAg,root,@nh_ws,"All of a sudden, I liked this course. Great content.",0,1685059200,3 years ago
Ugx1dSXTQh2IAmAgp9J4AaABAg,root,@faustoalbers6314,Brilliant! Would love to see you do one on building a personal assistent with LangChain!,1,1685059200,3 years ago
Ugzg6HvcqJ83Srp7OH14AaABAg,root,@monrat888,"Very helpful quick guide to langchain. Thanks for your work on it. May I know if you have any ideas on using local gpu for embedding purpose, like using coda in huggingfaceembeddings?",1,1685059200,3 years ago
Ugzg6HvcqJ83Srp7OH14AaABAg.9oNJFE6wpPL9pQqE8dms_-,Ugzg6HvcqJ83Srp7OH14AaABAg,@ArtRebel007,"I'd be delighted to hear any thoughts on this as well.  My only clue so far is to use runhouse, but I've had problems with versioning, and at certain points it seems like pieces of the infrastructure are not designed to work on Windows yet.  Anyway, I would like to get lanchain running on my GPU as my hope and expectation is that this would improve performance.",0,1685059200,3 years ago
UgyiC3CMPJO-AY6C60t4AaABAg,root,@FelixBoehme,Great video! Thank you! 👏👏👏,0,1685059200,3 years ago
UgxJudJYPkDzw99awZh4AaABAg,root,@omenquentama6453,Big thanks for publishing such great content.,0,1685059200,3 years ago
UgxFA5mBKBCWSkvEpW94AaABAg,root,@xp3ll3d,This video was a really great beginner overview. Thanks a lot for putting it together. I'm looking forward to part 2.,0,1685059200,3 years ago
UgxFA5mBKBCWSkvEpW94AaABAg.9oMXz9rO90T9oZFQNNh73j,UgxFA5mBKBCWSkvEpW94AaABAg,@exoticcoder5365,"He got a whole playlist ( 16 episodes ), this one is the 3rd one, you can check it out if you haven't",1,1685059200,3 years ago
UgwjCiuQcXhApjHZTeJ4AaABAg,root,@TPAKTOPsp,Thanks for great overview. Even as a dev myself I find the docs are dooing a poor job of explaining what is for what and why. You did incredible job at this. Thanks!,0,1685059200,3 years ago
UgxeALJt_zQ8w0TDMUN4AaABAg,root,@omerkhan5625,"Hi. Can you please explain what do you mean by ""combine documents with language models"" when talking about retrievers? Why can't we just use vector stores with doc loaders and text splitters? Why do we need retrievers? Why would I want to use a retriever instead of doing db.similarity_search?",0,1685059200,3 years ago (edited)
Ugwaywwm9fnPYKBv-AR4AaABAg,root,@Clubcloudcomputing,Best langchain explanation I have seen so far. Fast paced. Brilliant.,5,1685059200,3 years ago
UgxhTtdD6zHFVVbhLut4AaABAg,root,@HombresTopG-bf9se,Thank your for this video!,0,1685059200,3 years ago
Ugw4pfwTkJEbG6TAncR4AaABAg,root,@AhmedBesbes,"Literally amazed at how easily you went through such complex concepts. 
Nice and inspiring examples, good job!",47,1685059200,3 years ago
UgxyTHDEAsDVnfz0Pfl4AaABAg,root,@aim-scom-lt9038,Wow! Inspirational to build an Agent. I am guessing that we can build Jarvis with an Agent?,0,1685059200,3 years ago
Ugw7YVmAeVk6PPekZiV4AaABAg,root,@judi.zhoudi,"How can I interact with LLM when my own data is not given to LLM? That is to say, let LLM recognize my intention, but if I give LLM through prompts, there will also be data security issues. How to solve this problem?",0,1685059200,3 years ago
UgxsXCVI5b0md3yji4d4AaABAg,root,@dnelly93,"Hey there! These are amazing, I've been intrigued with Langchain but didn't know how to start, so really grateful for your videos! One question regarding the chat history around 7:30. If you send in chat history so the AI has memory (human: ""says this"", AI: ""says that""), wouldn't each additional ""human say, AI say"" prompt line increase the amount of tokens and cost? If I had a 2 hour long convo with an AI, each response would be thousands of tokens and really expensive. Is there a workaround for AI memory that's more scalable and efficient?",2,1685059200,3 years ago
UgxsXCVI5b0md3yji4d4AaABAg.9oIZgsGXtbE9oJoTMuo5ja,UgxsXCVI5b0md3yji4d4AaABAg,@sairamachandran564,"I need this answered as well. That said, I can't imagine anyone having two hour long chats with an AI with messages flying back and forth throughout (unless it is a therapy session, maybe?). If your AI agent can't answer something quickly, maybe something needs to change in how you have set everything up.",0,1685059200,3 years ago
UgxsXCVI5b0md3yji4d4AaABAg.9oIZgsGXtbE9oV5SNES7s1,UgxsXCVI5b0md3yji4d4AaABAg,@LemurDrengene,"Yes I would say so. Thats why you should consider using the WindowMemory, or ways to summarise the previous messages.",0,1685059200,3 years ago
UgxsXCVI5b0md3yji4d4AaABAg.9oIZgsGXtbE9pXOnxjXewI,UgxsXCVI5b0md3yji4d4AaABAg,@AyushDhingra,"@DataIndependent I want to know this too, please answer",0,1685059200,3 years ago
UgxNMQIqnx4K8YcmL154AaABAg,root,@eL3ctric,I just f*** love LangChain it is soooo fun,0,1685059200,3 years ago
UgxNMQIqnx4K8YcmL154AaABAg.9oILUJ_u2cT9qzJuNpKaxz,UgxNMQIqnx4K8YcmL154AaABAg,@DataIndependent,Nice!! What're you building?,0,1716681600,2 years ago
UgxOf2LUl1wcbtjkb8t4AaABAg,root,@oshodikolapo2159,"Thank you for this, just what I needed.",0,1685059200,3 years ago
UgxOf2LUl1wcbtjkb8t4AaABAg.9oHRJcEvFL99oI-7EesPAH,UgxOf2LUl1wcbtjkb8t4AaABAg,@DataIndependent,Glad it was helpful!,0,1685059200,3 years ago
UgzLi4o-Qus-pe2r_PJ4AaABAg,root,@DanielChen90,Loving the new look bro! Great upgrade and as usual great conent,0,1685059200,3 years ago
UgzLi4o-Qus-pe2r_PJ4AaABAg.9oH3o6257vR9oI-IfLrBrP,UgzLi4o-Qus-pe2r_PJ4AaABAg,@DataIndependent,"Nice! Thank you very much. It was time to take AI more seriously.

I'm about to rebrand data indy to my personal brand as well.",0,1685059200,3 years ago
UgyiKKpPPiurLIRjaiZ4AaABAg,root,@VáclavMartin,"Thanks for a great lecture! I was trying to ask Chat GPT 4 the final question about Natalie Bergman, and it returned the same result as your chain. I guess that the explanation could be, that the relationship between her, the band and the album is already embedded in the LLM? So chaining with search engines makes sense for very recent data and data outside of LLM data base?",0,1685059200,3 years ago
UgyiKKpPPiurLIRjaiZ4AaABAg.9oG2ep2eRJK9oI-biCAWnu,UgyiKKpPPiurLIRjaiZ4AaABAg,@DataIndependent,"Actually, you get the same answer because the application followed the same chain and got the answer right in both cases. It went out to the internet and got the answer.

Yep exactly, chaining with search engines gets you the recent data",1,1685059200,3 years ago
Ugyi3c22ogB11PSBPSN4AaABAg,root,@10points56,"Hey Greg, I found your videos helpful, I have Various Icon files which are in SVG format, So can I train these files using langchain?",0,1685059200,3 years ago
Ugyi3c22ogB11PSBPSN4AaABAg.9oFopmmrkPu9oI-jCRvfEy,Ugyi3c22ogB11PSBPSN4AaABAg,@DataIndependent,"Hm, I've seen LLMs use SVG format with limited understanding. I wouldn't trust it with more than just a playground of use cases.",0,1685059200,3 years ago
Ugz6S9FD8O8QKRmu7CV4AaABAg,root,@caseymeehan5901,Fantastic video.  I am curious if you are available for any 1on1 coaching and what the best way to discuss that might be.,0,1685059200,3 years ago
Ugz6S9FD8O8QKRmu7CV4AaABAg.9oFcEViq63S9oFl30a9EVY,Ugz6S9FD8O8QKRmu7CV4AaABAg,@DataIndependent,Happy to chat! Dm me on Twitter or LinkedIn,0,1685059200,3 years ago
UgwHRZHlDfI7cItKlNV4AaABAg,root,@sayoojvalsan4879,Best video I followed all way long. Thanks Greg. This is Quality content!,0,1685059200,3 years ago
UgwHRZHlDfI7cItKlNV4AaABAg.9oF5re__A_P9oI-yPcLToi,UgwHRZHlDfI7cItKlNV4AaABAg,@DataIndependent,Glad you enjoyed it! What're you building,0,1685059200,3 years ago
Ugwz6bWgPbZJAmohUaJ4AaABAg,root,@dulala4092,Awesome!!!,0,1685059200,3 years ago
Ugwz6bWgPbZJAmohUaJ4AaABAg.9oEAeCcOeZg9oI05Zjle45,Ugwz6bWgPbZJAmohUaJ4AaABAg,@DataIndependent,Thank you! Cheers!,0,1685059200,3 years ago
UgzFtAZRKUyuY-xGvZ94AaABAg,root,@branmuller,great video! I feel like I have a good understanding of langchain after this and this is my first video ive watched on it :)),0,1685059200,3 years ago
UgzFtAZRKUyuY-xGvZ94AaABAg.9oD2QN11WM49oI0AcMd1g0,UgzFtAZRKUyuY-xGvZ94AaABAg,@DataIndependent,Happy to hear that!,0,1685059200,3 years ago
UgzazwAuxc-ztiINQmN4AaABAg,root,@YotamAvraham,This is super high-quality content. Well done man!,13,1685059200,3 years ago
UgzazwAuxc-ztiINQmN4AaABAg.9oCq7U9vlcF9oI0B1jDGjn,UgzazwAuxc-ztiINQmN4AaABAg,@DataIndependent,Glad you enjoy it!,0,1685059200,3 years ago
Ugx7x6kZODO9K_14dwF4AaABAg,root,@laurentprat8219,"Hello, thank you for the content, do not know if I am unlucky, just created a SECRET KEY (API KEYS / OpenAI), run immediately into ""Over Quota"" :< (Retrying langchain.chat_models.openai.ChatOpenAI.completion_with_retry.<locals>)",0,1685059200,3 years ago
Ugx7x6kZODO9K_14dwF4AaABAg.9oCJOsErGy89oI33M9LeJw,Ugx7x6kZODO9K_14dwF4AaABAg,@DataIndependent,Check out your api page on your OpenAI account and see what you limits are. It sounds like you're over,1,1685059200,3 years ago
Ugx7x6kZODO9K_14dwF4AaABAg.9oCJOsErGy89oINbSLjUs6,Ugx7x6kZODO9K_14dwF4AaABAg.9oCJOsErGy89oI33M9LeJw,@laurentprat8219," @DataIndependent  Actually there is no FREE tiers at all, you've got to put a Credit card to run a single test",0,1685059200,3 years ago
UgxcymvSghvLcmFVj3V4AaABAg,root,@averaguilar,"U just blew my mind!!!, jumping into your langchaing guided tour to figure out ways to tame OpenAI 💥",0,1685059200,3 years ago
UgxcymvSghvLcmFVj3V4AaABAg.9oAvp-MhqEW9oI0hQdeRHz,UgxcymvSghvLcmFVj3V4AaABAg,@DataIndependent,Nice! Thank you,0,1685059200,3 years ago
UgwYBovxA1H79o9Djg94AaABAg,root,@barryc3907,Super interesting and thorough - thanks!,0,1685059200,3 years ago
UgwYBovxA1H79o9Djg94AaABAg.9oA1ekKc7vB9oI102cEPIP,UgwYBovxA1H79o9Djg94AaABAg,@DataIndependent,Nice! Thank you,0,1685059200,3 years ago
Ugxg1pDbbmCojoxfOJN4AaABAg,root,@chrisharris_YT,"That was a brilliant video. So well described with logical, easily understood examples. Thank you!",5,1685059200,3 years ago
Ugxg1pDbbmCojoxfOJN4AaABAg.9o9ddmBalvq9oI17esEqhr,Ugxg1pDbbmCojoxfOJN4AaABAg,@DataIndependent,Glad it was helpful!,0,1685059200,3 years ago
UgxBwOzuAba0qECh17N4AaABAg,root,@jasonkmccarty,"Can someone offer insight how chains relate to token calls? If an agent has 5 tools and you ask a complicated question that results in usage of several tools (maybe some of them more than once), how does that relate to openAI token calls. Does each chain count toward that or do some tools not relate to the openai call?",0,1685059200,3 years ago (edited)
UgxBwOzuAba0qECh17N4AaABAg.9o7hFeQ2IRm9oI3KETbT43,UgxBwOzuAba0qECh17N4AaABAg,@DataIndependent,You end up paying for the prompts you send over. More tools means more tools in the prompt which means for cash.,0,1685059200,3 years ago
UgzkTuyBRZElQHsf6Tp4AaABAg,root,@karlfriman,"Thank you! The music is distracting though, even more so if you play it on a faster speed. I'd remove music from this type of content.",1,1685059200,3 years ago
UgzkTuyBRZElQHsf6Tp4AaABAg.9o7afzcauj-9oI3_3jXGyO,UgzkTuyBRZElQHsf6Tp4AaABAg,@DataIndependent,"Ok, thanks for the note! Enough people have said so that it will be removed!",0,1685059200,3 years ago
UgxT6f1elma5l-5ibwV4AaABAg,root,@frankxu5055,"I am pleased to introduce Bytebookman to everyone. Currently, it only supports dialogues with a single PDF, and the underlying model used is GPT-3.5 (actually, it supports GPT-4, but the cost is too high). However, these features are free, and subsequent dialogue with multiple PDFs and GPT-4 model support may be offered as paid services.:face-blue-smiling::face-blue-smiling:",0,1685059200,3 years ago
UgxSNbat9BR2NKyNVzV4AaABAg,root,@alexisandruskiewitsch922,Is this still relevant since they've announced plugins?,0,1685059200,3 years ago
UgxSNbat9BR2NKyNVzV4AaABAg.9o68cELD9wp9oI4Vx4pro3,UgxSNbat9BR2NKyNVzV4AaABAg,@DataIndependent,"Yep, there are 6 other sections on this video that don't touch Plugins.",0,1685059200,3 years ago
Ugx4WUDuZd8H-gseT3p4AaABAg,root,@RonaldDraxer-rb4qm,When agent is searching on the internet. Does vectorization process happen behind the scenes?,0,1685059200,3 years ago
Ugx4WUDuZd8H-gseT3p4AaABAg.9o5EVnsaKEq9oI4hf9hIqj,Ugx4WUDuZd8H-gseT3p4AaABAg,@DataIndependent,"Nope, from what I've seen it's just plain text",0,1685059200,3 years ago
Ugw6euh5DOJk9XAAKsh4AaABAg,root,@user-ky4jd8cm2o,This should be a college lecture for all CS students since 2023.,124,1685059200,3 years ago
Ugw6euh5DOJk9XAAKsh4AaABAg.9o45Nyrw20A9o8hu_lxCBA,Ugw6euh5DOJk9XAAKsh4AaABAg,@DataIndependent,Wow that is an awesome compliment thank you,17,1685059200,3 years ago
Ugw6euh5DOJk9XAAKsh4AaABAg.9o45Nyrw20A9pvUOOUQrFR,Ugw6euh5DOJk9XAAKsh4AaABAg,@dprggrmr,Huh? What's college?,0,1685059200,3 years ago
Ugw6euh5DOJk9XAAKsh4AaABAg.9o45Nyrw20A9oaprqHhbqD,Ugw6euh5DOJk9XAAKsh4AaABAg,@infinity0094,Okay beta,2,1685059200,3 years ago
UgydQpbWXjgyzNF7CwR4AaABAg,root,@ilianos,Thanks for sharing this amazing content with us!,0,1685059200,3 years ago
UgydQpbWXjgyzNF7CwR4AaABAg.9o2YXwEhyA39o3PnfAxcFG,UgydQpbWXjgyzNF7CwR4AaABAg,@DataIndependent,You bet! Glad you liked it,0,1685059200,3 years ago
UgyhMIgt0JIqFJERQwR4AaABAg,root,@Insipidityy,"Did you forget to link the Wild Belle song? I don't see it in the description! Jokes aside, I loved this! First time learning of LangChain and this is amazingly helpful!",0,1685059200,3 years ago
UgyhMIgt0JIqFJERQwR4AaABAg.9o2SqQr3uLh9o3PqsfBvYF,UgyhMIgt0JIqFJERQwR4AaABAg,@DataIndependent,"wow you're right, adding it now.",0,1685059200,3 years ago
UgzYPF8vdoLGAVfVXDF4AaABAg,root,@PipiKaka9,Excellent summary!,0,1685059200,3 years ago
UgzYPF8vdoLGAVfVXDF4AaABAg.9o2IDHY7EAD9o3Q6MFYVlb,UgzYPF8vdoLGAVfVXDF4AaABAg,@DataIndependent,Glad you liked it!,0,1685059200,3 years ago
UgyEQhiuZ5lMrMgWYI14AaABAg,root,@scarletrazor1102,Would love a video on using chains/agents with ChatGPT - is it very similar to using GPT-3 with chains?,0,1685059200,3 years ago
UgyEQhiuZ5lMrMgWYI14AaABAg.9o2EzSP9eG89o3QK8ZCGxc,UgyEQhiuZ5lMrMgWYI14AaABAg,@DataIndependent,Nice - I'll add that to the list,0,1685059200,3 years ago
UgxWZXU31J142_RHi-V4AaABAg,root,@aiautomateyourlife,Very new to langchain! Does the memory function cost extra tokens?,0,1685059200,3 years ago
UgxWZXU31J142_RHi-V4AaABAg.9o2-5Es85Ri9o3QgItP4l0,UgxWZXU31J142_RHi-V4AaABAg,@DataIndependent,"It will add more tokens to your prompt, so yes.

Which ever service you use for embeddings will also charge depending on the tier",0,1685059200,3 years ago
UgzKyAhWmHVXtqAvIp94AaABAg,root,@giuice,"Great Cookbook! 
I have a problem and I am not able to solve it, in long texts, the text_spliter should break the text into chunks, but this is not happening, I Always got this error:
""InvalidRequestError: This model's maximum context length is 2049 tokens, however you requested 3225 tokens (2969 in your prompt; 256 for the completion). Please reduce your prompt; or completion length.""
Using the code of text book :
loader = TextLoader('data/PaulGrahamEssays/startupmistakes.txt')
documents = loader.load()

# Get your splitter ready
text_splitter = RecursiveCharacterTextSplitter(chunk_size=700, chunk_overlap=50)
# Split your docs into texts
texts = text_splitter.split_documents(documents)
# There is a lot of complexity hidden in this one line. I encourage you to check out the video above for more detail
chain = load_summarize_chain(llm, chain_type=""map_reduce"", verbose=True)
chain.run(texts)
There is a solution to fix this?",0,1685059200,3 years ago
UgzzCQ2aQayiUPJNzel4AaABAg,root,@nexon7,Thank you for this concise and understandable introduction of the concepts!,0,1685059200,3 years ago
UgzzCQ2aQayiUPJNzel4AaABAg.9o0Cj-Kzgyq9o3W26zXpJY,UgzzCQ2aQayiUPJNzel4AaABAg,@DataIndependent,Glad it was helpful!,0,1685059200,3 years ago
UgxYN4Av-9fCEMiIFNd4AaABAg,root,@jpm9rk,Insanely high quality video. Thanks so much!,0,1685059200,3 years ago
UgxYN4Av-9fCEMiIFNd4AaABAg.9nycbxqP3n19o3Y_HC0f8-,UgxYN4Av-9fCEMiIFNd4AaABAg,@DataIndependent,Glad you enjoyed it!,0,1685059200,3 years ago
Ugx0t4T9la2ajC0aRUl4AaABAg,root,@avg_ape,Thank you. This was very helpful.,0,1685059200,3 years ago
Ugx0t4T9la2ajC0aRUl4AaABAg.9nyWkm1KS7U9o3Y_v84Xi6,Ugx0t4T9la2ajC0aRUl4AaABAg,@DataIndependent,Wonderful,0,1685059200,3 years ago
UgyJ2B6k_p6NzLdLv3t4AaABAg,root,@kevon217,Great run through. Very helpful!,0,1685059200,3 years ago
UgyJ2B6k_p6NzLdLv3t4AaABAg.9nxz6fmOWld9o3YsqmiWb7,UgyJ2B6k_p6NzLdLv3t4AaABAg,@DataIndependent,Glad to hear it!,0,1685059200,3 years ago
UgzXw5M3h-eCdBGR-ql4AaABAg,root,@kumargaurav2170,Super awesome content 🥳🥳,0,1685059200,3 years ago
UgzXw5M3h-eCdBGR-ql4AaABAg.9nxL8o1iKr09o3Z0Tu85QV,UgzXw5M3h-eCdBGR-ql4AaABAg,@DataIndependent,🙌,0,1685059200,3 years ago
Ugx6Hasu5VRg4mYSCRJ4AaABAg,root,@chenqu773,This is a really concise & cool tutorial to start with langchain! Thank you.,0,1685059200,3 years ago
Ugx6Hasu5VRg4mYSCRJ4AaABAg.9nwkG7GhZfN9o3Z2GyQc2G,Ugx6Hasu5VRg4mYSCRJ4AaABAg,@DataIndependent,Glad it was helpful!,0,1685059200,3 years ago
Ugy3aeu_mvPOHk0yIMN4AaABAg,root,@ShotterManable,Beautiful summary! Thanks a lot for sharing it. I'll definitely check out all the documentation but you gave us a very good overview. Thanks for the ramp up!,1,1685059200,3 years ago
Ugy3aeu_mvPOHk0yIMN4AaABAg.9nwcnSlS7fJ9o3Z3b1caF5,Ugy3aeu_mvPOHk0yIMN4AaABAg,@DataIndependent,Nice glad to hear it,0,1685059200,3 years ago
Ugy-pK1Fh_DRpKYvkZV4AaABAg,root,@jakobkristensen2390,"Hi Greg, thanks for the video series. A topic that I would like covered is how to do unittesting of components that interact with a LLM to produce its result. Thank you",0,1685059200,3 years ago
Ugy-pK1Fh_DRpKYvkZV4AaABAg.9nvvOEeqCO69nw26NpsVnY,Ugy-pK1Fh_DRpKYvkZV4AaABAg,@DataIndependent,Nice thanks Jakob - I'll add that to the list,2,1685059200,3 years ago
Ugwm2jHNZt0C0AiYrOR4AaABAg,root,@tonyhhq,Thank you very much! This is super helpful for a Langchain Beginner LOL. Looking forward to your use cases!,0,1685059200,3 years ago
Ugwm2jHNZt0C0AiYrOR4AaABAg.9nvqBt2huZU9nw28-65z_v,Ugwm2jHNZt0C0AiYrOR4AaABAg,@DataIndependent,Thanks Heqing - Working on it,0,1685059200,3 years ago
Ugwp3U7rIdzoR0CyWQx4AaABAg,root,@MuhammadAli-mi5gg,"Thanks for such helpful content. I was exploring, but couldn't find, how can we specify in Langchain which models to use. Like for ChatOpenAI we can use gpt3.5, or gpt4, how can we specify that? And same goes for embeddings model, how can we specify model?",0,1685059200,3 years ago
Ugwp3U7rIdzoR0CyWQx4AaABAg.9nvH7OFv87d9nvn5AGU0dI,Ugwp3U7rIdzoR0CyWQx4AaABAg,@DataIndependent,When you initialize the model in the first place you can specify model name. I believe I did it on the 2nd or 3rd example in this video,0,1685059200,3 years ago
UgxbiFkQzxfCzx-lRfl4AaABAg,root,@AnvarAzizovMusic,Thank you for the great Cookbook!,0,1685059200,3 years ago
UgxbiFkQzxfCzx-lRfl4AaABAg.9nuwknZ42Pq9nvmoSHQ-PA,UgxbiFkQzxfCzx-lRfl4AaABAg,@DataIndependent,Nice! Hope it's fun,0,1685059200,3 years ago
UgyhoD6kNDuGhSZ12Xx4AaABAg,root,@BREAKDRS,"This is really helpful.  With the order that those concepts are introduced with the great examples, I found everything in the langchain documentation become much easier to follow now. I now know what to look at for each of the ideas I have. Thank you!",1,1685059200,3 years ago
UgyhoD6kNDuGhSZ12Xx4AaABAg.9nuuv8cs-Hl9nvnNkr0NmT,UgyhoD6kNDuGhSZ12Xx4AaABAg,@DataIndependent,Nice! glad to hear it.,0,1685059200,3 years ago
UgwuhPdwPONeIdbQYj54AaABAg,root,@DictaFlowAI,please make an example video on how to chat with multiple documents.,0,1685059200,3 years ago
UgwuhPdwPONeIdbQYj54AaABAg.9nu7N6B5CZB9nvnDjCUqRO,UgwuhPdwPONeIdbQYj54AaABAg,@DataIndependent,Nice will do,0,1685059200,3 years ago
UgxYW0Ddq1nFaxdffWh4AaABAg,root,@paraconscious790,"This is indeed a Cookbook, very good job, eagerly waiting for the use cases video, thank you!",1,1685059200,3 years ago
UgxYW0Ddq1nFaxdffWh4AaABAg.9ntKmVoh1RC9ntVHHlHxGQ,UgxYW0Ddq1nFaxdffWh4AaABAg,@DataIndependent,Glad you liked it!,0,1685059200,3 years ago
Ugy-0vkX6WfzFNtJCJt4AaABAg,root,@qualinostJT,"Thanks a lot for your content, it is pure gold!
My dream is to build an AI chat which I can feed with different up to date framework documentation (mostly markdown) and then ask it to help me developing my project.
I guess the way to go is by using document loaders and text splitting. I'm still struguling to understand what is the right way to do this when documentation contains code portions. How to split it when some parts (ie code section) can't be split in half to keep the overall meanings.
Can't believe I am the only dev who would like to achieve the same thing but I don't find anything on this, only plain text embeddings...
Can someone give me advices?",0,1685059200,3 years ago
Ugy-0vkX6WfzFNtJCJt4AaABAg.9ntCzqrd5Kx9ntE86YMJwi,Ugy-0vkX6WfzFNtJCJt4AaABAg,@DataIndependent,"First thing, I would go check out the langchain webinar that happened yesterday, that topic was talked about.

Your right that you'll want to make sure code doesn't split down the middle. In order to avoid this you may consider splitting on non-default delimiters  depending on the splitter you're using.",1,1685059200,3 years ago
UgwSUkN40zzjlTh6Sux4AaABAg,root,@MrMwenesi,Thank you Greg.  The video was explained very well,0,1685059200,3 years ago
UgwSUkN40zzjlTh6Sux4AaABAg.9nsxk1nD8sj9ntEFD_N8K0,UgwSUkN40zzjlTh6Sux4AaABAg,@DataIndependent,Glad it was helpful!,0,1685059200,3 years ago
UgyRxgRUaETGB9NIHp54AaABAg,root,@okbutexplainthis,The concept of an agent is f*cking scary. People don't realize how much this is going to change the world.,0,1685059200,3 years ago
UgyRxgRUaETGB9NIHp54AaABAg.9nsoq5rviYC9ntELEtRISj,UgyRxgRUaETGB9NIHp54AaABAg,@DataIndependent,"ya, I was surprised to see this use case come out but in retrospect it was the meat and potatoes",0,1685059200,3 years ago
UgyjQdpQRDIrRCKvfNZ4AaABAg,root,@danielsommer6655,Fantastic video! Thanks so much.,0,1685059200,3 years ago
UgyjQdpQRDIrRCKvfNZ4AaABAg.9nsbSje9BOM9ntENshJL5H,UgyjQdpQRDIrRCKvfNZ4AaABAg,@DataIndependent,Glad it was helpful!,0,1685059200,3 years ago
UgwUfbM1ITszWjYuLrV4AaABAg,root,@ryaneggz,🔥,0,1685059200,3 years ago
UgwUfbM1ITszWjYuLrV4AaABAg.9nsGuMPMcru9ntET9GIVYA,UgwUfbM1ITszWjYuLrV4AaABAg,@DataIndependent,Thanks!,0,1685059200,3 years ago
UgxxxrIC1pcqkVuxcbd4AaABAg,root,@citywanderer_frb,Big thanks to you for putting all of this together! Your effort paid off 'cause I finally figured out how to use LangChain. I appreciate it a ton!,0,1685059200,3 years ago
Ugy0FujCEtcwVft6S2J4AaABAg,root,@gambaweb,Very good explanation thanks so much,0,1685059200,3 years ago
Ugy0FujCEtcwVft6S2J4AaABAg.9ns6jFyUDXW9ntEVuMDclt,Ugy0FujCEtcwVft6S2J4AaABAg,@DataIndependent,Glad it was helpful!,0,1685059200,3 years ago
UgxDRQqI_dcg4eBPdDl4AaABAg,root,@mzzzz3,how did you get an open ai api key?,0,1685059200,3 years ago
UgxDRQqI_dcg4eBPdDl4AaABAg.9ns4dHlQEV89ntEXoQrRZ9,UgxDRQqI_dcg4eBPdDl4AaABAg,@DataIndependent,Head over to https://platform.openai.com/playground and make an account,1,1685059200,3 years ago
UgxDRQqI_dcg4eBPdDl4AaABAg.9ns4dHlQEV89ntOA9RuMAB,UgxDRQqI_dcg4eBPdDl4AaABAg.9ns4dHlQEV89ntEXoQrRZ9,@mzzzz3, @DataIndependent  thanks. for some reason i thought there was a waitlist for the api key. didn't realize if you have an account you already have access lol,0,1685059200,3 years ago
Ugz2ydQvyxpCcEsszFB4AaABAg,root,@aiautoglasscrm,"Excellent video, and thank you for sharing your wisdom from your perspective, really appreciate it.",0,1685059200,3 years ago
Ugz2ydQvyxpCcEsszFB4AaABAg.9nrwHKFyvFx9ntEapDTzX1,Ugz2ydQvyxpCcEsszFB4AaABAg,@DataIndependent,Glad it was helpful!,1,1685059200,3 years ago
Ugwuxua1n8zZbZkUxpF4AaABAg,root,@roncahlon,How can you use a large amount of text for context in a question? Let's say rather than finding similar documents you wanted the LLM to actually answer the question. Would you just pass those similar documents as context in a prompt?,1,1685059200,3 years ago
Ugwuxua1n8zZbZkUxpF4AaABAg.9nrow7HXzRG9ntEegEokUo,Ugwuxua1n8zZbZkUxpF4AaABAg,@DataIndependent,"Yep that is exactly it. Filter your docs to a subset, pass that subset into the prompt",0,1685059200,3 years ago
Ugwuxua1n8zZbZkUxpF4AaABAg.9nrow7HXzRG9ntXwKwvIM4,Ugwuxua1n8zZbZkUxpF4AaABAg.9nrow7HXzRG9ntEegEokUo,@roncahlon, @DataIndependent  Or you can just map reduce the entire array of documents.,0,1685059200,3 years ago
UgzWxcgZcFGJZNraQch4AaABAg,root,@roncahlon,Love the Natalie Bergman Plug,1,1685059200,3 years ago
UgzWxcgZcFGJZNraQch4AaABAg.9nroEnE_8fi9ntEnbDwi7t,UgzWxcgZcFGJZNraQch4AaABAg,@DataIndependent,😏,0,1685059200,3 years ago
UgzlJTB69LVSJ4exG0F4AaABAg,root,@michael.palad1,You explain stuff very well and your voice is quite pleasant. Investing in learning LangChain right now seems to be a wise move for many. It may become something like Docker or Ansible for AI in the future.,0,1685059200,3 years ago
UgzlJTB69LVSJ4exG0F4AaABAg.9nrRfrnNZ2K9nrRySC1w7E,UgzlJTB69LVSJ4exG0F4AaABAg,@DataIndependent,"Thank you Terry. Yes, learning the frameworks that are being put on top of LLMs will be a good investment.",1,1685059200,3 years ago
Ugxm65UEbzs7r-VM06t4AaABAg,root,@leandrewdixon3521,Super helpful overview!  Thanks,0,1685059200,3 years ago
Ugxm65UEbzs7r-VM06t4AaABAg.9nrQuKRR0TZ9nrRzQTLXEJ,Ugxm65UEbzs7r-VM06t4AaABAg,@DataIndependent,Glad it was helpful!,0,1685059200,3 years ago
Ugwl5kLoUFMg99srkWR4AaABAg,root,@TruthWalker,Thank you very much for creating this high level summary. Will you be making more videos like this as things change and get updated with both LangChain and the LLMs?,0,1685059200,3 years ago
Ugwl5kLoUFMg99srkWR4AaABAg.9nrQOnRC8TM9nrS2evOew4,Ugwl5kLoUFMg99srkWR4AaABAg,@DataIndependent,"It's always tough making sure content is up to date. I'll do my best.

My goal is to make content that helps others do awesome things.",1,1685059200,3 years ago
Ugwl5kLoUFMg99srkWR4AaABAg.9nrQOnRC8TM9ntaccYIfFH,Ugwl5kLoUFMg99srkWR4AaABAg.9nrQOnRC8TM9nrS2evOew4,@TruthWalker, @DataIndependent  Thank you!,0,1685059200,3 years ago
Ugyj1XJfFGDAennxbH14AaABAg,root,@shanx1243,"I have an intermediate C++ experience, would like to get into the realm on building with LLMs. How much python do I need to know for this?",1,1685059200,3 years ago
Ugyj1XJfFGDAennxbH14AaABAg.9nrHwgM4Zxq9nrS5cTEDqk,Ugyj1XJfFGDAennxbH14AaABAg,@DataIndependent,"I only use python, so you'll need the basics. But you aren't going deep into the language.",0,1685059200,3 years ago
UgwAw04MbU3GyRdic_t4AaABAg,root,@hummingbird8125,can we use chatgpt3 model instead of gpt3-davaince model for everything you stated in the video?,0,1685059200,3 years ago
UgwAw04MbU3GyRdic_t4AaABAg.9nqughKWgHp9nqyboNE7S2,UgwAw04MbU3GyRdic_t4AaABAg,@DataIndependent,Yep totally - you'll need to use a few different functions to account for the different model types (chat vs language),0,1685059200,3 years ago
UgwvCr7mCMGT7Y0M97t4AaABAg,root,@mrtembo1995,"Your videos have been really helpful for me, I created a music recommendation AI but ChatGPT couldn't give me the response format that I wanted. I discovered langchain because of you and the output parser saved my app, now I can get a response in the format that I need to process it in the frontend, thank you so much, your videos are the few ones talking about AI that are actually really good, other youtubers only repeat what everyone is saying.",0,1685059200,3 years ago
UgwvCr7mCMGT7Y0M97t4AaABAg.9nqubAqMuMD9okXLDi9vM_,UgwvCr7mCMGT7Y0M97t4AaABAg,@theanonymoustalk,do you have any tips in getting started with all of this? Ive taken AI classes before and had general knowledge but everything feels light years ahead of what I've learned and its hard to ground myself,0,1685059200,3 years ago
UgwvCr7mCMGT7Y0M97t4AaABAg.9nqubAqMuMD9omI2Jk_qTP,UgwvCr7mCMGT7Y0M97t4AaABAg.9nqubAqMuMD9okXLDi9vM_,@mrtembo1995," @theanonymoustalk  Just start with a small project, it's really easy to implement OpenAI API into an application, especially if you use python. There are a lot of resources here on youtube, fireship is one of those.",0,1685059200,3 years ago (edited)
UgwBaEwa8LHeecbBdO54AaABAg,root,@patilmayurn,I am unsure how do I compare more than 1 document and integrate ChatGPT to query on it using LangChain? Can you point me to the  direction?,0,1685059200,3 years ago (edited)
UgwBaEwa8LHeecbBdO54AaABAg.9nqt2x50U6n9nqyfXeB2eH,UgwBaEwa8LHeecbBdO54AaABAg,@DataIndependent,"You can follow the ""question a book"" tutorial I have an simple load the docs you want. I would suggest putting the doc title or id in your metadata",0,1685059200,3 years ago
Ugz4thBvZUtdVXjUkkl4AaABAg,root,@memesofproduction27,Thank you!,0,1685059200,3 years ago
Ugz4thBvZUtdVXjUkkl4AaABAg.9nql9jQevbD9nqygp4eV2C,Ugz4thBvZUtdVXjUkkl4AaABAg,@DataIndependent,glad it was helpful,0,1685059200,3 years ago
UgzHWM8vCOlY9kYmfq94AaABAg,root,@JelckedeBoer,Thanks for the interesting video. I hope you could give  some practical examples with langchain involving open source Vector databases like Milvus or Weaviate as the example found elsewhere are mostly using pinecone.,1,1685059200,3 years ago (edited)
UgzHWM8vCOlY9kYmfq94AaABAg.9nqiLZ6VQKB9nqyjSwjSOl,UgzHWM8vCOlY9kYmfq94AaABAg,@DataIndependent,"Nice, yeah I'm seeing pinecone all over too.

I'll switch it up for the next video",1,1685059200,3 years ago
UgxAXRP9NkTsbsxuoO94AaABAg,root,@chisiuyu1150,"Hey Greg ! Been following you, your content has been really helpful. However I have a questions about text chunking, I saw on a few of your videos that when you chunk a long text or a book. You simply chunk it by a fix number of text with a smaller number of overlaps. My question is, if that’s gonna induce some information lost? I mean the location when I chunk. It might be explaining a important concept. So if that area is chopped, and later with semantic search, the language model will be reading only half of that important concept. 

Thank you for your help in advance 🙏🙏🙏",0,1685059200,3 years ago
UgxAXRP9NkTsbsxuoO94AaABAg.9nqfgVeDJsU9nqfvQb3-PN,UgxAXRP9NkTsbsxuoO94AaABAg,@DataIndependent,"That’s a great call out and I’ve had the same thought. Yes that is an issue for physical chunking.

The right way to do it would be semantic chunking with knowledge graph support. But that’s outside my expertise and I’m waiting for someone else to do it, someone will!

Or maybe I’ll hack something together",1,1685059200,3 years ago
UgzV7_E_U_dE0se9-xV4AaABAg,root,@MrMoonsilver,You are a god! Thank you so much for this!!,0,1685059200,3 years ago
UgzV7_E_U_dE0se9-xV4AaABAg.9nqf5QfUEjm9nqyjnC34Z2,UgzV7_E_U_dE0se9-xV4AaABAg,@DataIndependent,Glad it helped!,0,1685059200,3 years ago
Ugy83Lw_Y6Mgb4gvyOV4AaABAg,root,@markanthonyvale6763,Awesome content!,1,1685059200,3 years ago
Ugy83Lw_Y6Mgb4gvyOV4AaABAg.9nqel0T8w8G9nqyljOgl7P,Ugy83Lw_Y6Mgb4gvyOV4AaABAg,@DataIndependent,Appreciate it!,0,1685059200,3 years ago
UgytpLXCsz1QNJMN4S14AaABAg,root,@robmonkriedlinger,"Thank you - I am a development editor, and I built a little tool to help ask questions of the first draft text I am sent from what I learnt from you.",3,1685059200,3 years ago
UgytpLXCsz1QNJMN4S14AaABAg.9nqci8k1az_9o7YMQf_YHm,UgytpLXCsz1QNJMN4S14AaABAg,@avg_ape,Hello Rob. Do you have a demo reel of your project?,1,1685059200,3 years ago
UgytpLXCsz1QNJMN4S14AaABAg.9nqci8k1az_9nqyn6S5x-T,UgytpLXCsz1QNJMN4S14AaABAg,@DataIndependent,Nice!,0,1685059200,3 years ago
Ugygu54858jQ7PYdaud4AaABAg,root,@liucrismus,"thank you very match, this cookbook is extremely timely. And I'm thinking about how to chat with multi files(like four pdf), do you have any solutions? hope you reply, thank you very much",0,1685059200,3 years ago
Ugygu54858jQ7PYdaud4AaABAg.9nqaBEqmb4g9nqyzhrVt7u,Ugygu54858jQ7PYdaud4AaABAg,@DataIndependent,"I'm going to do a video on that.

Is your use case the regular question > answer model better? Or chat bot model?",0,1685059200,3 years ago
Ugygu54858jQ7PYdaud4AaABAg.9nqaBEqmb4g9nsh809XKmF,Ugygu54858jQ7PYdaud4AaABAg.9nqaBEqmb4g9nqyzhrVt7u,@liucrismus, @DataIndependent  First of all thanks for your reply. I want to do such a function: generate some questions and answers based on multiple documents related to a discipline or technology. Similar to building a question bank and getting answers through chat. I don't know if I express clearly?,0,1685059200,3 years ago
UgyS_XKpZQ3ddpUKYYZ4AaABAg,root,@aayushsmarten,"I have tried to find the solution... but I think it is due to the limited available GPU RAM. Actually in the generative QA, I am using the GPT-J and it is about 12 GB in size.
It fits in the GPU and can work on the smaller tasks, but when the prompt gets larger it gives this error:

OutOfMemoryError: CUDA out of memory. Tried to allocate 26.00 MiB (GPU 0; 14.62 GiB total capacity; 13.28 GiB 
already allocated; 15.94 MiB free; 13.89 GiB reserved in total by PyTorch) If reserved memory is >> allocated 
memory try setting max_split_size_mb to avoid fragmentation.  See documentation for Memory Management and 
PYTORCH_CUDA_ALLOC_CONF

I've tried clearing the cache, but didn't help. Any hope?",0,1685059200,3 years ago
UgylteCpUuYh3eC0RRd4AaABAg,root,@filippocorsini3465,"this video is pure gold, thank you",0,1685059200,3 years ago
UgylteCpUuYh3eC0RRd4AaABAg.9nqZZKTlO409nqz-G-qQCU,UgylteCpUuYh3eC0RRd4AaABAg,@DataIndependent,Glad you enjoyed it!,0,1685059200,3 years ago
Ugy8tLhOvT_I8Zcl3eh4AaABAg,root,@AlgorithmicEchoes,"As usual, very lucid and high quality content. I think I should embed the youtube transcripts and prompt gpt to  'explain it like data independent'. 😂",40,1685059200,3 years ago
Ugy8tLhOvT_I8Zcl3eh4AaABAg.9nqYac0ozoG9nqz0_yR1QP,Ugy8tLhOvT_I8Zcl3eh4AaABAg,@DataIndependent,Nice! That's fun thank you,2,1685059200,3 years ago
Ugy_vE5P0_Vfj8zON9Z4AaABAg,root,@venkat1195,what.a legend. the best in the game!,0,1685059200,3 years ago
Ugy_vE5P0_Vfj8zON9Z4AaABAg.9nqShGa3jDd9nqz5JtR_lj,Ugy_vE5P0_Vfj8zON9Z4AaABAg,@DataIndependent,Nice!! Thank you,0,1685059200,3 years ago
UgwVmHaCGDmSs4XPjuJ4AaABAg,root,@we-hate-copy-pasting,"I spent the whole day watching this series. Just as I was about to run out you post this! Haha, thanks :D",1,1685059200,3 years ago
UgwVmHaCGDmSs4XPjuJ4AaABAg.9nqSVeBYpb-9nqz6TDwdQD,UgwVmHaCGDmSs4XPjuJ4AaABAg,@DataIndependent,Thanks man I'm glad to hear it.,1,1685059200,3 years ago
UgwePSGlroAUGSbOp5p4AaABAg,root,@mialmastaposeia,Incredible content,0,1685059200,3 years ago
UgwePSGlroAUGSbOp5p4AaABAg.9nqNxjTDITM9nqz8OCVvDQ,UgwePSGlroAUGSbOp5p4AaABAg,@DataIndependent,Thanks man I'm glad to hear it,0,1685059200,3 years ago
